--
-- PostgreSQL database dump
--

\restrict XV7iT2lum2DZkhZUlaSf91vIxXY2nptUpEcBdceluJTLedRM9WYmq8qgG4W39bw

-- Dumped from database version 18.1
-- Dumped by pg_dump version 18.1

-- Started on 2026-05-14 11:15:41

SET statement_timeout = 0;
SET lock_timeout = 0;
SET idle_in_transaction_session_timeout = 0;
SET transaction_timeout = 0;
SET client_encoding = 'UTF8';
SET standard_conforming_strings = on;
SELECT pg_catalog.set_config('search_path', '', false);
SET check_function_bodies = false;
SET xmloption = content;
SET client_min_messages = warning;
SET row_security = off;

SET default_tablespace = '';

SET default_table_access_method = heap;

--
-- TOC entry 219 (class 1259 OID 53817)
-- Name: accounts_emailverification; Type: TABLE; Schema: public; Owner: postgres
--

CREATE TABLE public.accounts_emailverification (
    id bigint NOT NULL,
    token uuid NOT NULL,
    is_verified boolean NOT NULL,
    created_at timestamp with time zone NOT NULL,
    user_id integer NOT NULL
);


ALTER TABLE public.accounts_emailverification OWNER TO postgres;

--
-- TOC entry 220 (class 1259 OID 53825)
-- Name: accounts_emailverification_id_seq; Type: SEQUENCE; Schema: public; Owner: postgres
--

ALTER TABLE public.accounts_emailverification ALTER COLUMN id ADD GENERATED BY DEFAULT AS IDENTITY (
    SEQUENCE NAME public.accounts_emailverification_id_seq
    START WITH 1
    INCREMENT BY 1
    NO MINVALUE
    NO MAXVALUE
    CACHE 1
);


--
-- TOC entry 221 (class 1259 OID 53826)
-- Name: accounts_enterpriselead; Type: TABLE; Schema: public; Owner: postgres
--

CREATE TABLE public.accounts_enterpriselead (
    id bigint NOT NULL,
    name character varying(200) NOT NULL,
    email character varying(254) NOT NULL,
    phone character varying(20) NOT NULL,
    company_name character varying(200) NOT NULL,
    industry character varying(100) NOT NULL,
    number_of_users character varying(50) NOT NULL,
    required_modules jsonb NOT NULL,
    message text,
    status character varying(50) NOT NULL,
    created_at timestamp with time zone NOT NULL
);


ALTER TABLE public.accounts_enterpriselead OWNER TO postgres;

--
-- TOC entry 222 (class 1259 OID 53841)
-- Name: accounts_enterpriselead_id_seq; Type: SEQUENCE; Schema: public; Owner: postgres
--

ALTER TABLE public.accounts_enterpriselead ALTER COLUMN id ADD GENERATED BY DEFAULT AS IDENTITY (
    SEQUENCE NAME public.accounts_enterpriselead_id_seq
    START WITH 1
    INCREMENT BY 1
    NO MINVALUE
    NO MAXVALUE
    CACHE 1
);


--
-- TOC entry 223 (class 1259 OID 53842)
-- Name: accounts_lead; Type: TABLE; Schema: public; Owner: postgres
--

CREATE TABLE public.accounts_lead (
    id bigint NOT NULL,
    name character varying(200) NOT NULL,
    email character varying(254) NOT NULL,
    phone character varying(20) NOT NULL,
    company_name character varying(200) NOT NULL,
    business_type character varying(50) NOT NULL,
    company_size character varying(50) NOT NULL,
    message text,
    status character varying(50) NOT NULL,
    created_at timestamp with time zone NOT NULL
);


ALTER TABLE public.accounts_lead OWNER TO postgres;

--
-- TOC entry 224 (class 1259 OID 53856)
-- Name: accounts_lead_id_seq; Type: SEQUENCE; Schema: public; Owner: postgres
--

ALTER TABLE public.accounts_lead ALTER COLUMN id ADD GENERATED BY DEFAULT AS IDENTITY (
    SEQUENCE NAME public.accounts_lead_id_seq
    START WITH 1
    INCREMENT BY 1
    NO MINVALUE
    NO MAXVALUE
    CACHE 1
);


--
-- TOC entry 225 (class 1259 OID 53857)
-- Name: accounts_userprofile; Type: TABLE; Schema: public; Owner: postgres
--

CREATE TABLE public.accounts_userprofile (
    id bigint NOT NULL,
    role character varying(20) NOT NULL,
    company_id bigint,
    user_id integer NOT NULL,
    onboarding_completed boolean NOT NULL
);


ALTER TABLE public.accounts_userprofile OWNER TO postgres;

--
-- TOC entry 226 (class 1259 OID 53864)
-- Name: accounts_userprofile_id_seq; Type: SEQUENCE; Schema: public; Owner: postgres
--

ALTER TABLE public.accounts_userprofile ALTER COLUMN id ADD GENERATED BY DEFAULT AS IDENTITY (
    SEQUENCE NAME public.accounts_userprofile_id_seq
    START WITH 1
    INCREMENT BY 1
    NO MINVALUE
    NO MAXVALUE
    CACHE 1
);


--
-- TOC entry 227 (class 1259 OID 53865)
-- Name: auth_group; Type: TABLE; Schema: public; Owner: postgres
--

CREATE TABLE public.auth_group (
    id integer NOT NULL,
    name character varying(150) NOT NULL
);


ALTER TABLE public.auth_group OWNER TO postgres;

--
-- TOC entry 228 (class 1259 OID 53870)
-- Name: auth_group_id_seq; Type: SEQUENCE; Schema: public; Owner: postgres
--

ALTER TABLE public.auth_group ALTER COLUMN id ADD GENERATED BY DEFAULT AS IDENTITY (
    SEQUENCE NAME public.auth_group_id_seq
    START WITH 1
    INCREMENT BY 1
    NO MINVALUE
    NO MAXVALUE
    CACHE 1
);


--
-- TOC entry 229 (class 1259 OID 53871)
-- Name: auth_group_permissions; Type: TABLE; Schema: public; Owner: postgres
--

CREATE TABLE public.auth_group_permissions (
    id bigint NOT NULL,
    group_id integer NOT NULL,
    permission_id integer NOT NULL
);


ALTER TABLE public.auth_group_permissions OWNER TO postgres;

--
-- TOC entry 230 (class 1259 OID 53877)
-- Name: auth_group_permissions_id_seq; Type: SEQUENCE; Schema: public; Owner: postgres
--

ALTER TABLE public.auth_group_permissions ALTER COLUMN id ADD GENERATED BY DEFAULT AS IDENTITY (
    SEQUENCE NAME public.auth_group_permissions_id_seq
    START WITH 1
    INCREMENT BY 1
    NO MINVALUE
    NO MAXVALUE
    CACHE 1
);


--
-- TOC entry 231 (class 1259 OID 53878)
-- Name: auth_permission; Type: TABLE; Schema: public; Owner: postgres
--

CREATE TABLE public.auth_permission (
    id integer NOT NULL,
    name character varying(255) NOT NULL,
    content_type_id integer NOT NULL,
    codename character varying(100) NOT NULL
);


ALTER TABLE public.auth_permission OWNER TO postgres;

--
-- TOC entry 232 (class 1259 OID 53885)
-- Name: auth_permission_id_seq; Type: SEQUENCE; Schema: public; Owner: postgres
--

ALTER TABLE public.auth_permission ALTER COLUMN id ADD GENERATED BY DEFAULT AS IDENTITY (
    SEQUENCE NAME public.auth_permission_id_seq
    START WITH 1
    INCREMENT BY 1
    NO MINVALUE
    NO MAXVALUE
    CACHE 1
);


--
-- TOC entry 233 (class 1259 OID 53886)
-- Name: auth_user; Type: TABLE; Schema: public; Owner: postgres
--

CREATE TABLE public.auth_user (
    id integer NOT NULL,
    password character varying(128) NOT NULL,
    last_login timestamp with time zone,
    is_superuser boolean NOT NULL,
    username character varying(150) NOT NULL,
    first_name character varying(150) NOT NULL,
    last_name character varying(150) NOT NULL,
    email character varying(254) NOT NULL,
    is_staff boolean NOT NULL,
    is_active boolean NOT NULL,
    date_joined timestamp with time zone NOT NULL
);


ALTER TABLE public.auth_user OWNER TO postgres;

--
-- TOC entry 234 (class 1259 OID 53901)
-- Name: auth_user_groups; Type: TABLE; Schema: public; Owner: postgres
--

CREATE TABLE public.auth_user_groups (
    id bigint NOT NULL,
    user_id integer NOT NULL,
    group_id integer NOT NULL
);


ALTER TABLE public.auth_user_groups OWNER TO postgres;

--
-- TOC entry 235 (class 1259 OID 53907)
-- Name: auth_user_groups_id_seq; Type: SEQUENCE; Schema: public; Owner: postgres
--

ALTER TABLE public.auth_user_groups ALTER COLUMN id ADD GENERATED BY DEFAULT AS IDENTITY (
    SEQUENCE NAME public.auth_user_groups_id_seq
    START WITH 1
    INCREMENT BY 1
    NO MINVALUE
    NO MAXVALUE
    CACHE 1
);


--
-- TOC entry 236 (class 1259 OID 53908)
-- Name: auth_user_id_seq; Type: SEQUENCE; Schema: public; Owner: postgres
--

ALTER TABLE public.auth_user ALTER COLUMN id ADD GENERATED BY DEFAULT AS IDENTITY (
    SEQUENCE NAME public.auth_user_id_seq
    START WITH 1
    INCREMENT BY 1
    NO MINVALUE
    NO MAXVALUE
    CACHE 1
);


--
-- TOC entry 237 (class 1259 OID 53909)
-- Name: auth_user_user_permissions; Type: TABLE; Schema: public; Owner: postgres
--

CREATE TABLE public.auth_user_user_permissions (
    id bigint NOT NULL,
    user_id integer NOT NULL,
    permission_id integer NOT NULL
);


ALTER TABLE public.auth_user_user_permissions OWNER TO postgres;

--
-- TOC entry 238 (class 1259 OID 53915)
-- Name: auth_user_user_permissions_id_seq; Type: SEQUENCE; Schema: public; Owner: postgres
--

ALTER TABLE public.auth_user_user_permissions ALTER COLUMN id ADD GENERATED BY DEFAULT AS IDENTITY (
    SEQUENCE NAME public.auth_user_user_permissions_id_seq
    START WITH 1
    INCREMENT BY 1
    NO MINVALUE
    NO MAXVALUE
    CACHE 1
);


--
-- TOC entry 239 (class 1259 OID 53916)
-- Name: company_company; Type: TABLE; Schema: public; Owner: postgres
--

CREATE TABLE public.company_company (
    id bigint NOT NULL,
    name character varying(50) NOT NULL,
    email character varying(254) NOT NULL,
    owner_id integer NOT NULL,
    created_at timestamp with time zone NOT NULL,
    plan_type character varying(20) NOT NULL,
    is_subscription_active boolean NOT NULL,
    subscription_start timestamp with time zone,
    subscription_end timestamp with time zone,
    phone character varying(20)
);


ALTER TABLE public.company_company OWNER TO postgres;

--
-- TOC entry 240 (class 1259 OID 53926)
-- Name: company_company_id_seq; Type: SEQUENCE; Schema: public; Owner: postgres
--

ALTER TABLE public.company_company ALTER COLUMN id ADD GENERATED BY DEFAULT AS IDENTITY (
    SEQUENCE NAME public.company_company_id_seq
    START WITH 1
    INCREMENT BY 1
    NO MINVALUE
    NO MAXVALUE
    CACHE 1
);


--
-- TOC entry 241 (class 1259 OID 53927)
-- Name: company_newentry; Type: TABLE; Schema: public; Owner: postgres
--

CREATE TABLE public.company_newentry (
    id bigint NOT NULL,
    entry_name character varying(255) NOT NULL,
    description text,
    created_at timestamp with time zone NOT NULL,
    company_id bigint NOT NULL
);


ALTER TABLE public.company_newentry OWNER TO postgres;

--
-- TOC entry 242 (class 1259 OID 53936)
-- Name: company_newentry_id_seq; Type: SEQUENCE; Schema: public; Owner: postgres
--

ALTER TABLE public.company_newentry ALTER COLUMN id ADD GENERATED BY DEFAULT AS IDENTITY (
    SEQUENCE NAME public.company_newentry_id_seq
    START WITH 1
    INCREMENT BY 1
    NO MINVALUE
    NO MAXVALUE
    CACHE 1
);


--
-- TOC entry 243 (class 1259 OID 53937)
-- Name: company_payment; Type: TABLE; Schema: public; Owner: postgres
--

CREATE TABLE public.company_payment (
    id bigint NOT NULL,
    plan_name character varying(100) NOT NULL,
    order_id character varying(200) NOT NULL,
    payment_id character varying(200) NOT NULL,
    razorpay_signature text NOT NULL,
    payment_status character varying(50) NOT NULL,
    amount integer NOT NULL,
    currency character varying(10) NOT NULL,
    is_verified boolean NOT NULL,
    payment_date timestamp with time zone NOT NULL,
    company_id bigint NOT NULL
);


ALTER TABLE public.company_payment OWNER TO postgres;

--
-- TOC entry 244 (class 1259 OID 53953)
-- Name: company_payment_id_seq; Type: SEQUENCE; Schema: public; Owner: postgres
--

ALTER TABLE public.company_payment ALTER COLUMN id ADD GENERATED BY DEFAULT AS IDENTITY (
    SEQUENCE NAME public.company_payment_id_seq
    START WITH 1
    INCREMENT BY 1
    NO MINVALUE
    NO MAXVALUE
    CACHE 1
);


--
-- TOC entry 245 (class 1259 OID 53954)
-- Name: company_staff; Type: TABLE; Schema: public; Owner: postgres
--

CREATE TABLE public.company_staff (
    id bigint NOT NULL,
    name character varying(100) NOT NULL,
    email character varying(254) NOT NULL,
    created_at timestamp with time zone NOT NULL,
    company_id bigint NOT NULL
);


ALTER TABLE public.company_staff OWNER TO postgres;

--
-- TOC entry 246 (class 1259 OID 53962)
-- Name: company_staff_id_seq; Type: SEQUENCE; Schema: public; Owner: postgres
--

ALTER TABLE public.company_staff ALTER COLUMN id ADD GENERATED BY DEFAULT AS IDENTITY (
    SEQUENCE NAME public.company_staff_id_seq
    START WITH 1
    INCREMENT BY 1
    NO MINVALUE
    NO MAXVALUE
    CACHE 1
);


--
-- TOC entry 247 (class 1259 OID 53963)
-- Name: company_transaction; Type: TABLE; Schema: public; Owner: postgres
--

CREATE TABLE public.company_transaction (
    id bigint NOT NULL,
    ref_id character varying(20) NOT NULL,
    item_name character varying(200) NOT NULL,
    quantity integer NOT NULL,
    status character varying(20) NOT NULL,
    price numeric(10,2) NOT NULL,
    created_at timestamp with time zone NOT NULL,
    company_id bigint NOT NULL,
    CONSTRAINT company_transaction_quantity_check CHECK ((quantity >= 0))
);


ALTER TABLE public.company_transaction OWNER TO postgres;

--
-- TOC entry 248 (class 1259 OID 53975)
-- Name: company_transaction_id_seq; Type: SEQUENCE; Schema: public; Owner: postgres
--

ALTER TABLE public.company_transaction ALTER COLUMN id ADD GENERATED BY DEFAULT AS IDENTITY (
    SEQUENCE NAME public.company_transaction_id_seq
    START WITH 1
    INCREMENT BY 1
    NO MINVALUE
    NO MAXVALUE
    CACHE 1
);


--
-- TOC entry 249 (class 1259 OID 53976)
-- Name: company_vendor; Type: TABLE; Schema: public; Owner: postgres
--

CREATE TABLE public.company_vendor (
    id bigint NOT NULL,
    primary_contact_first_name character varying(20) NOT NULL,
    primary_contact_last_name character varying(20) NOT NULL,
    company_name character varying(100) NOT NULL,
    display_name character varying(100) NOT NULL,
    email character varying(254),
    mobile character varying(10) NOT NULL,
    address text NOT NULL,
    company_id bigint,
    created_at timestamp with time zone NOT NULL,
    gst_number character varying(15),
    is_active boolean NOT NULL,
    language character varying(20),
    salutation character varying(10),
    updated_at timestamp with time zone NOT NULL
);


ALTER TABLE public.company_vendor OWNER TO postgres;

--
-- TOC entry 250 (class 1259 OID 53991)
-- Name: company_vendor_id_seq; Type: SEQUENCE; Schema: public; Owner: postgres
--

ALTER TABLE public.company_vendor ALTER COLUMN id ADD GENERATED BY DEFAULT AS IDENTITY (
    SEQUENCE NAME public.company_vendor_id_seq
    START WITH 1
    INCREMENT BY 1
    NO MINVALUE
    NO MAXVALUE
    CACHE 1
);


--
-- TOC entry 251 (class 1259 OID 53992)
-- Name: django_admin_log; Type: TABLE; Schema: public; Owner: postgres
--

CREATE TABLE public.django_admin_log (
    id integer NOT NULL,
    action_time timestamp with time zone NOT NULL,
    object_id text,
    object_repr character varying(200) NOT NULL,
    action_flag smallint NOT NULL,
    change_message text NOT NULL,
    content_type_id integer,
    user_id integer NOT NULL,
    CONSTRAINT django_admin_log_action_flag_check CHECK ((action_flag >= 0))
);


ALTER TABLE public.django_admin_log OWNER TO postgres;

--
-- TOC entry 252 (class 1259 OID 54004)
-- Name: django_admin_log_id_seq; Type: SEQUENCE; Schema: public; Owner: postgres
--

ALTER TABLE public.django_admin_log ALTER COLUMN id ADD GENERATED BY DEFAULT AS IDENTITY (
    SEQUENCE NAME public.django_admin_log_id_seq
    START WITH 1
    INCREMENT BY 1
    NO MINVALUE
    NO MAXVALUE
    CACHE 1
);


--
-- TOC entry 253 (class 1259 OID 54005)
-- Name: django_content_type; Type: TABLE; Schema: public; Owner: postgres
--

CREATE TABLE public.django_content_type (
    id integer NOT NULL,
    app_label character varying(100) NOT NULL,
    model character varying(100) NOT NULL
);


ALTER TABLE public.django_content_type OWNER TO postgres;

--
-- TOC entry 254 (class 1259 OID 54011)
-- Name: django_content_type_id_seq; Type: SEQUENCE; Schema: public; Owner: postgres
--

ALTER TABLE public.django_content_type ALTER COLUMN id ADD GENERATED BY DEFAULT AS IDENTITY (
    SEQUENCE NAME public.django_content_type_id_seq
    START WITH 1
    INCREMENT BY 1
    NO MINVALUE
    NO MAXVALUE
    CACHE 1
);


--
-- TOC entry 255 (class 1259 OID 54012)
-- Name: django_migrations; Type: TABLE; Schema: public; Owner: postgres
--

CREATE TABLE public.django_migrations (
    id bigint NOT NULL,
    app character varying(255) NOT NULL,
    name character varying(255) NOT NULL,
    applied timestamp with time zone NOT NULL
);


ALTER TABLE public.django_migrations OWNER TO postgres;

--
-- TOC entry 256 (class 1259 OID 54021)
-- Name: django_migrations_id_seq; Type: SEQUENCE; Schema: public; Owner: postgres
--

ALTER TABLE public.django_migrations ALTER COLUMN id ADD GENERATED BY DEFAULT AS IDENTITY (
    SEQUENCE NAME public.django_migrations_id_seq
    START WITH 1
    INCREMENT BY 1
    NO MINVALUE
    NO MAXVALUE
    CACHE 1
);


--
-- TOC entry 257 (class 1259 OID 54022)
-- Name: django_session; Type: TABLE; Schema: public; Owner: postgres
--

CREATE TABLE public.django_session (
    session_key character varying(40) NOT NULL,
    session_data text NOT NULL,
    expire_date timestamp with time zone NOT NULL
);


ALTER TABLE public.django_session OWNER TO postgres;

--
-- TOC entry 258 (class 1259 OID 54030)
-- Name: inventory_address; Type: TABLE; Schema: public; Owner: postgres
--

CREATE TABLE public.inventory_address (
    id bigint NOT NULL,
    address_type character varying(10) NOT NULL,
    attention character varying(100) NOT NULL,
    address_line1 character varying(200) NOT NULL,
    address_line2 character varying(200) NOT NULL,
    city character varying(100) NOT NULL,
    state character varying(100) NOT NULL,
    zip_code character varying(20) NOT NULL,
    country character varying(100) NOT NULL,
    phone character varying(20) NOT NULL,
    customer_id bigint NOT NULL,
    created_at timestamp with time zone NOT NULL,
    is_default boolean NOT NULL,
    updated_at timestamp with time zone NOT NULL
);


ALTER TABLE public.inventory_address OWNER TO postgres;

--
-- TOC entry 259 (class 1259 OID 54049)
-- Name: inventory_address_id_seq; Type: SEQUENCE; Schema: public; Owner: postgres
--

ALTER TABLE public.inventory_address ALTER COLUMN id ADD GENERATED BY DEFAULT AS IDENTITY (
    SEQUENCE NAME public.inventory_address_id_seq
    START WITH 1
    INCREMENT BY 1
    NO MINVALUE
    NO MAXVALUE
    CACHE 1
);


--
-- TOC entry 260 (class 1259 OID 54050)
-- Name: inventory_category; Type: TABLE; Schema: public; Owner: postgres
--

CREATE TABLE public.inventory_category (
    id bigint NOT NULL,
    name character varying(100) NOT NULL,
    company_id bigint NOT NULL
);


ALTER TABLE public.inventory_category OWNER TO postgres;

--
-- TOC entry 261 (class 1259 OID 54056)
-- Name: inventory_category_id_seq; Type: SEQUENCE; Schema: public; Owner: postgres
--

ALTER TABLE public.inventory_category ALTER COLUMN id ADD GENERATED BY DEFAULT AS IDENTITY (
    SEQUENCE NAME public.inventory_category_id_seq
    START WITH 1
    INCREMENT BY 1
    NO MINVALUE
    NO MAXVALUE
    CACHE 1
);


--
-- TOC entry 262 (class 1259 OID 54057)
-- Name: inventory_contactperson; Type: TABLE; Schema: public; Owner: postgres
--

CREATE TABLE public.inventory_contactperson (
    id bigint NOT NULL,
    salutation character varying(10) NOT NULL,
    first_name character varying(100) NOT NULL,
    last_name character varying(100) NOT NULL,
    email character varying(254) NOT NULL,
    phone character varying(20) NOT NULL,
    designation character varying(100) NOT NULL,
    is_primary boolean NOT NULL,
    customer_id bigint NOT NULL,
    created_at timestamp with time zone NOT NULL
);


ALTER TABLE public.inventory_contactperson OWNER TO postgres;

--
-- TOC entry 263 (class 1259 OID 54072)
-- Name: inventory_contactperson_id_seq; Type: SEQUENCE; Schema: public; Owner: postgres
--

ALTER TABLE public.inventory_contactperson ALTER COLUMN id ADD GENERATED BY DEFAULT AS IDENTITY (
    SEQUENCE NAME public.inventory_contactperson_id_seq
    START WITH 1
    INCREMENT BY 1
    NO MINVALUE
    NO MAXVALUE
    CACHE 1
);


--
-- TOC entry 264 (class 1259 OID 54073)
-- Name: inventory_customer; Type: TABLE; Schema: public; Owner: postgres
--

CREATE TABLE public.inventory_customer (
    id bigint NOT NULL,
    contact_name character varying(200) NOT NULL,
    company_name character varying(200),
    customer_type character varying(20) NOT NULL,
    email character varying(254),
    phone character varying(20),
    website character varying(200),
    currency character varying(10) NOT NULL,
    payment_terms character varying(100),
    credit_limit numeric(10,2),
    gst_number character varying(20),
    place_of_supply character varying(100),
    notes text,
    created_at timestamp with time zone NOT NULL,
    company_id bigint
);


ALTER TABLE public.inventory_customer OWNER TO postgres;

--
-- TOC entry 265 (class 1259 OID 54083)
-- Name: inventory_customer_id_seq; Type: SEQUENCE; Schema: public; Owner: postgres
--

ALTER TABLE public.inventory_customer ALTER COLUMN id ADD GENERATED BY DEFAULT AS IDENTITY (
    SEQUENCE NAME public.inventory_customer_id_seq
    START WITH 1
    INCREMENT BY 1
    NO MINVALUE
    NO MAXVALUE
    CACHE 1
);


--
-- TOC entry 266 (class 1259 OID 54084)
-- Name: inventory_inventoryalert; Type: TABLE; Schema: public; Owner: postgres
--

CREATE TABLE public.inventory_inventoryalert (
    id bigint NOT NULL,
    alert_type character varying(50) NOT NULL,
    severity character varying(10) NOT NULL,
    message text NOT NULL,
    is_read boolean NOT NULL,
    created_at timestamp with time zone NOT NULL,
    batch_id bigint,
    company_id bigint NOT NULL,
    product_id bigint
);


ALTER TABLE public.inventory_inventoryalert OWNER TO postgres;

--
-- TOC entry 267 (class 1259 OID 54096)
-- Name: inventory_inventoryalert_id_seq; Type: SEQUENCE; Schema: public; Owner: postgres
--

ALTER TABLE public.inventory_inventoryalert ALTER COLUMN id ADD GENERATED BY DEFAULT AS IDENTITY (
    SEQUENCE NAME public.inventory_inventoryalert_id_seq
    START WITH 1
    INCREMENT BY 1
    NO MINVALUE
    NO MAXVALUE
    CACHE 1
);


--
-- TOC entry 268 (class 1259 OID 54097)
-- Name: inventory_product; Type: TABLE; Schema: public; Owner: postgres
--

CREATE TABLE public.inventory_product (
    id bigint NOT NULL,
    name character varying(50) NOT NULL,
    sku character varying(100) NOT NULL,
    purchase_price numeric(10,2) NOT NULL,
    selling_price numeric(10,2) NOT NULL,
    is_expiry_tracked boolean NOT NULL,
    stock_quantity integer NOT NULL,
    created_at timestamp with time zone NOT NULL,
    category_id bigint,
    company_id bigint NOT NULL,
    low_stock_limit integer NOT NULL,
    product_company character varying(100),
    abc_class character varying(1)
);


ALTER TABLE public.inventory_product OWNER TO postgres;

--
-- TOC entry 269 (class 1259 OID 54110)
-- Name: inventory_product_id_seq; Type: SEQUENCE; Schema: public; Owner: postgres
--

ALTER TABLE public.inventory_product ALTER COLUMN id ADD GENERATED BY DEFAULT AS IDENTITY (
    SEQUENCE NAME public.inventory_product_id_seq
    START WITH 1
    INCREMENT BY 1
    NO MINVALUE
    NO MAXVALUE
    CACHE 1
);


--
-- TOC entry 270 (class 1259 OID 54111)
-- Name: inventory_productbatch; Type: TABLE; Schema: public; Owner: postgres
--

CREATE TABLE public.inventory_productbatch (
    id bigint NOT NULL,
    batch_number character varying(50),
    expiry_date date,
    quantity integer NOT NULL,
    created_at timestamp with time zone NOT NULL,
    company_id bigint NOT NULL,
    product_id bigint NOT NULL,
    is_active boolean NOT NULL,
    CONSTRAINT inventory_productbatch_quantity_check CHECK ((quantity >= 0))
);


ALTER TABLE public.inventory_productbatch OWNER TO postgres;

--
-- TOC entry 271 (class 1259 OID 54121)
-- Name: inventory_productbatch_id_seq; Type: SEQUENCE; Schema: public; Owner: postgres
--

ALTER TABLE public.inventory_productbatch ALTER COLUMN id ADD GENERATED BY DEFAULT AS IDENTITY (
    SEQUENCE NAME public.inventory_productbatch_id_seq
    START WITH 1
    INCREMENT BY 1
    NO MINVALUE
    NO MAXVALUE
    CACHE 1
);


--
-- TOC entry 272 (class 1259 OID 54122)
-- Name: inventory_purchaseorder; Type: TABLE; Schema: public; Owner: postgres
--

CREATE TABLE public.inventory_purchaseorder (
    id bigint NOT NULL,
    order_number character varying(20),
    status character varying(20) NOT NULL,
    total_amount numeric(10,2) NOT NULL,
    created_at timestamp with time zone NOT NULL,
    company_id bigint NOT NULL,
    vendor_id bigint NOT NULL
);


ALTER TABLE public.inventory_purchaseorder OWNER TO postgres;

--
-- TOC entry 273 (class 1259 OID 54131)
-- Name: inventory_purchaseorder_id_seq; Type: SEQUENCE; Schema: public; Owner: postgres
--

ALTER TABLE public.inventory_purchaseorder ALTER COLUMN id ADD GENERATED BY DEFAULT AS IDENTITY (
    SEQUENCE NAME public.inventory_purchaseorder_id_seq
    START WITH 1
    INCREMENT BY 1
    NO MINVALUE
    NO MAXVALUE
    CACHE 1
);


--
-- TOC entry 274 (class 1259 OID 54132)
-- Name: inventory_purchaseorderitem; Type: TABLE; Schema: public; Owner: postgres
--

CREATE TABLE public.inventory_purchaseorderitem (
    id bigint NOT NULL,
    quantity integer NOT NULL,
    cost_price numeric(10,2) NOT NULL,
    product_id bigint NOT NULL,
    order_id bigint NOT NULL,
    batch_number character varying(50),
    expiry_date date,
    received_quantity integer NOT NULL,
    CONSTRAINT inventory_purchaseorderitem_quantity_check CHECK ((quantity >= 0)),
    CONSTRAINT inventory_purchaseorderitem_received_quantity_check CHECK ((received_quantity >= 0))
);


ALTER TABLE public.inventory_purchaseorderitem OWNER TO postgres;

--
-- TOC entry 275 (class 1259 OID 54143)
-- Name: inventory_purchaseorderitem_id_seq; Type: SEQUENCE; Schema: public; Owner: postgres
--

ALTER TABLE public.inventory_purchaseorderitem ALTER COLUMN id ADD GENERATED BY DEFAULT AS IDENTITY (
    SEQUENCE NAME public.inventory_purchaseorderitem_id_seq
    START WITH 1
    INCREMENT BY 1
    NO MINVALUE
    NO MAXVALUE
    CACHE 1
);


--
-- TOC entry 276 (class 1259 OID 54144)
-- Name: inventory_quote; Type: TABLE; Schema: public; Owner: postgres
--

CREATE TABLE public.inventory_quote (
    id bigint NOT NULL,
    quote_number character varying(50) NOT NULL,
    reference_number character varying(100),
    quote_date date NOT NULL,
    expiry_date date,
    salesperson character varying(100),
    project_name character varying(150),
    subject text,
    subtotal numeric(12,2) NOT NULL,
    discount_percent numeric(5,2) NOT NULL,
    tax_total numeric(12,2) NOT NULL,
    total numeric(12,2) NOT NULL,
    customer_notes text,
    terms text,
    attachments character varying(100),
    status character varying(20) NOT NULL,
    created_at timestamp with time zone NOT NULL,
    customer_id bigint NOT NULL
);


ALTER TABLE public.inventory_quote OWNER TO postgres;

--
-- TOC entry 277 (class 1259 OID 54159)
-- Name: inventory_quote_id_seq; Type: SEQUENCE; Schema: public; Owner: postgres
--

ALTER TABLE public.inventory_quote ALTER COLUMN id ADD GENERATED BY DEFAULT AS IDENTITY (
    SEQUENCE NAME public.inventory_quote_id_seq
    START WITH 1
    INCREMENT BY 1
    NO MINVALUE
    NO MAXVALUE
    CACHE 1
);


--
-- TOC entry 278 (class 1259 OID 54160)
-- Name: inventory_quoteitem; Type: TABLE; Schema: public; Owner: postgres
--

CREATE TABLE public.inventory_quoteitem (
    id bigint NOT NULL,
    quantity numeric(10,2) NOT NULL,
    rate numeric(10,2) NOT NULL,
    amount numeric(12,2) NOT NULL,
    product_id bigint NOT NULL,
    quote_id bigint NOT NULL
);


ALTER TABLE public.inventory_quoteitem OWNER TO postgres;

--
-- TOC entry 279 (class 1259 OID 54169)
-- Name: inventory_quoteitem_id_seq; Type: SEQUENCE; Schema: public; Owner: postgres
--

ALTER TABLE public.inventory_quoteitem ALTER COLUMN id ADD GENERATED BY DEFAULT AS IDENTITY (
    SEQUENCE NAME public.inventory_quoteitem_id_seq
    START WITH 1
    INCREMENT BY 1
    NO MINVALUE
    NO MAXVALUE
    CACHE 1
);


--
-- TOC entry 280 (class 1259 OID 54170)
-- Name: inventory_salesorder; Type: TABLE; Schema: public; Owner: postgres
--

CREATE TABLE public.inventory_salesorder (
    id bigint NOT NULL,
    order_number character varying(20) NOT NULL,
    customer_name character varying(100) NOT NULL,
    status character varying(20) NOT NULL,
    total_amount numeric(10,2) NOT NULL,
    created_at timestamp with time zone NOT NULL,
    company_id bigint NOT NULL
);


ALTER TABLE public.inventory_salesorder OWNER TO postgres;

--
-- TOC entry 281 (class 1259 OID 54180)
-- Name: inventory_salesorder_id_seq; Type: SEQUENCE; Schema: public; Owner: postgres
--

ALTER TABLE public.inventory_salesorder ALTER COLUMN id ADD GENERATED BY DEFAULT AS IDENTITY (
    SEQUENCE NAME public.inventory_salesorder_id_seq
    START WITH 1
    INCREMENT BY 1
    NO MINVALUE
    NO MAXVALUE
    CACHE 1
);


--
-- TOC entry 282 (class 1259 OID 54181)
-- Name: inventory_salesorderitem; Type: TABLE; Schema: public; Owner: postgres
--

CREATE TABLE public.inventory_salesorderitem (
    id bigint NOT NULL,
    quantity integer NOT NULL,
    price numeric(10,2) NOT NULL,
    order_id bigint NOT NULL,
    product_id bigint NOT NULL,
    CONSTRAINT inventory_salesorderitem_quantity_check CHECK ((quantity >= 0))
);


ALTER TABLE public.inventory_salesorderitem OWNER TO postgres;

--
-- TOC entry 283 (class 1259 OID 54190)
-- Name: inventory_salesorderitem_id_seq; Type: SEQUENCE; Schema: public; Owner: postgres
--

ALTER TABLE public.inventory_salesorderitem ALTER COLUMN id ADD GENERATED BY DEFAULT AS IDENTITY (
    SEQUENCE NAME public.inventory_salesorderitem_id_seq
    START WITH 1
    INCREMENT BY 1
    NO MINVALUE
    NO MAXVALUE
    CACHE 1
);


--
-- TOC entry 284 (class 1259 OID 54191)
-- Name: inventory_stock; Type: TABLE; Schema: public; Owner: postgres
--

CREATE TABLE public.inventory_stock (
    id bigint NOT NULL,
    item_name character varying(200) NOT NULL,
    quantity integer NOT NULL,
    price numeric(10,2) NOT NULL,
    CONSTRAINT inventory_stock_quantity_check CHECK ((quantity >= 0))
);


ALTER TABLE public.inventory_stock OWNER TO postgres;

--
-- TOC entry 285 (class 1259 OID 54199)
-- Name: inventory_stock_id_seq; Type: SEQUENCE; Schema: public; Owner: postgres
--

ALTER TABLE public.inventory_stock ALTER COLUMN id ADD GENERATED BY DEFAULT AS IDENTITY (
    SEQUENCE NAME public.inventory_stock_id_seq
    START WITH 1
    INCREMENT BY 1
    NO MINVALUE
    NO MAXVALUE
    CACHE 1
);


--
-- TOC entry 286 (class 1259 OID 54200)
-- Name: inventory_stockentry; Type: TABLE; Schema: public; Owner: postgres
--

CREATE TABLE public.inventory_stockentry (
    id bigint NOT NULL,
    quantity_added integer NOT NULL,
    purchase_price numeric(10,2) NOT NULL,
    note text NOT NULL,
    created_at timestamp with time zone NOT NULL,
    company_id bigint NOT NULL,
    product_id bigint NOT NULL,
    CONSTRAINT inventory_stockentry_quantity_added_check CHECK ((quantity_added >= 0))
);


ALTER TABLE public.inventory_stockentry OWNER TO postgres;

--
-- TOC entry 287 (class 1259 OID 54213)
-- Name: inventory_stockentry_id_seq; Type: SEQUENCE; Schema: public; Owner: postgres
--

ALTER TABLE public.inventory_stockentry ALTER COLUMN id ADD GENERATED BY DEFAULT AS IDENTITY (
    SEQUENCE NAME public.inventory_stockentry_id_seq
    START WITH 1
    INCREMENT BY 1
    NO MINVALUE
    NO MAXVALUE
    CACHE 1
);


--
-- TOC entry 288 (class 1259 OID 54214)
-- Name: inventory_stocktransaction; Type: TABLE; Schema: public; Owner: postgres
--

CREATE TABLE public.inventory_stocktransaction (
    id bigint NOT NULL,
    transaction_type character varying(10) NOT NULL,
    source character varying(20) NOT NULL,
    quantity integer NOT NULL,
    reference_number character varying(50),
    created_at timestamp with time zone NOT NULL,
    company_id bigint NOT NULL,
    created_by_id integer,
    product_id bigint NOT NULL,
    batch_id bigint,
    note text,
    CONSTRAINT inventory_stocktransaction_quantity_check CHECK ((quantity >= 0))
);


ALTER TABLE public.inventory_stocktransaction OWNER TO postgres;

--
-- TOC entry 289 (class 1259 OID 54227)
-- Name: inventory_stocktransaction_id_seq; Type: SEQUENCE; Schema: public; Owner: postgres
--

ALTER TABLE public.inventory_stocktransaction ALTER COLUMN id ADD GENERATED BY DEFAULT AS IDENTITY (
    SEQUENCE NAME public.inventory_stocktransaction_id_seq
    START WITH 1
    INCREMENT BY 1
    NO MINVALUE
    NO MAXVALUE
    CACHE 1
);


--
-- TOC entry 290 (class 1259 OID 54228)
-- Name: inventory_vendor; Type: TABLE; Schema: public; Owner: postgres
--

CREATE TABLE public.inventory_vendor (
    id bigint NOT NULL,
    display_name character varying(150) NOT NULL,
    email character varying(254),
    mobile character varying(20),
    address text,
    company_id bigint NOT NULL,
    company_name character varying(150),
    first_name character varying(100),
    language character varying(50),
    last_name character varying(100),
    salutation character varying(10),
    work_phone character varying(20),
    status character varying(1) NOT NULL,
    gst_number character varying(15)
);


ALTER TABLE public.inventory_vendor OWNER TO postgres;

--
-- TOC entry 291 (class 1259 OID 54237)
-- Name: inventory_vendor_id_seq; Type: SEQUENCE; Schema: public; Owner: postgres
--

ALTER TABLE public.inventory_vendor ALTER COLUMN id ADD GENERATED BY DEFAULT AS IDENTITY (
    SEQUENCE NAME public.inventory_vendor_id_seq
    START WITH 1
    INCREMENT BY 1
    NO MINVALUE
    NO MAXVALUE
    CACHE 1
);


--
-- TOC entry 5434 (class 0 OID 53817)
-- Dependencies: 219
-- Data for Name: accounts_emailverification; Type: TABLE DATA; Schema: public; Owner: postgres
--

COPY public.accounts_emailverification (id, token, is_verified, created_at, user_id) FROM stdin;
1	3e0c901f-ceb0-4758-aa2b-2341be4d6dc4	t	2026-05-04 10:22:03.983483+05:30	10
2	743e84ac-2bfc-4180-a511-a8c4e2bc0f04	t	2026-05-04 10:32:10.137615+05:30	11
3	008ca2ce-40a5-49be-97ef-3c78f18e67d2	t	2026-05-04 11:23:57.802367+05:30	12
4	1d593b72-0583-471b-82d1-17eda47089fd	t	2026-05-04 11:32:00.1798+05:30	13
5	3bdf900b-8fcd-4830-a2b8-bde01f0ea7c7	t	2026-05-04 12:05:52.456749+05:30	14
6	f767210d-57b3-4cb8-90a2-72b9980c12f4	t	2026-05-04 14:57:42.447994+05:30	15
7	c93681e1-fc20-4325-aff1-8fa6fe2b4263	t	2026-05-04 15:50:20.045311+05:30	16
8	ef145632-bb34-4795-b21b-b87879b21e68	t	2026-05-05 15:10:48.141079+05:30	17
9	9734f406-adf1-41db-865e-e352c3f6e9b3	t	2026-05-05 15:15:53.755787+05:30	18
10	c01815f1-0ee9-4f3a-8de2-02f7155a3e88	t	2026-05-05 15:46:36.664932+05:30	19
11	3654a0b1-6d65-4a1a-a7ad-6e42d421cc6b	t	2026-05-05 16:50:34.098707+05:30	21
12	13804b13-2a21-43b7-bf05-4f8c234dfb25	t	2026-05-08 12:22:10.957762+05:30	23
13	c8604f4a-e6ac-4ab1-9b8d-b464b8bd7c7b	t	2026-05-08 17:22:31.3306+05:30	24
14	4fcfe2e0-fb81-4b0c-837a-a8bcc212ec00	t	2026-05-12 10:51:55.646464+05:30	26
15	671ed432-78c1-41f4-86a4-c681f8f3bc28	t	2026-05-12 11:01:12.394255+05:30	27
16	17ecb7d3-82ce-44e6-9264-4a25df41d66a	t	2026-05-12 11:51:12.84126+05:30	28
17	fd81e2cf-f6b6-4d94-9c88-e07582a6291c	t	2026-05-12 11:56:17.274499+05:30	29
18	5337965a-6922-43b2-8363-f7322baa68e3	f	2026-05-12 15:13:53.680946+05:30	30
19	ded0cb33-512a-4550-9509-def4e8b77ba7	t	2026-05-13 14:16:38.797034+05:30	31
20	db5d5be6-ac6b-4c99-ba48-e0956e849e3b	t	2026-05-13 14:22:58.421177+05:30	32
21	a21c5c0e-fe17-4cf8-b022-9092a6462f77	t	2026-05-13 15:28:11.292803+05:30	33
22	b12da289-27da-4c8b-a6ff-be15894d3154	f	2026-05-13 16:38:06.365984+05:30	34
23	6f2582d5-19b1-474c-a5cc-735794e4ced1	t	2026-05-13 16:57:40.972872+05:30	35
24	c1038c3b-7227-474e-93bb-61004b67a3c1	t	2026-05-13 17:09:53.392539+05:30	36
25	7a817dee-fb93-419b-865b-36989fd84e87	t	2026-05-14 10:48:25.416034+05:30	38
26	e8bcc659-d5a7-4426-97fe-16791e947a35	t	2026-05-14 10:58:58.358539+05:30	39
27	6205a62d-003d-4eff-b61e-70ef9d1f7113	t	2026-05-14 11:02:00.521244+05:30	40
28	61a4244f-40f6-4fb9-b141-7931604fe24a	t	2026-05-14 11:10:08.013811+05:30	41
\.


--
-- TOC entry 5436 (class 0 OID 53826)
-- Dependencies: 221
-- Data for Name: accounts_enterpriselead; Type: TABLE DATA; Schema: public; Owner: postgres
--

COPY public.accounts_enterpriselead (id, name, email, phone, company_name, industry, number_of_users, required_modules, message, status, created_at) FROM stdin;
1	demo	demo@gmail.com	7690990909	demo pvt ltd	medicine	51-200	[]	hello	New	2026-05-04 10:24:02.184329+05:30
2	ketan	bhogejayesh69@gmail.com	7690990909	TechnoKraft	medicine	51-200	[]	hello 	New	2026-05-04 11:21:29.089671+05:30
3	jayesh bhoge	bhogejayesh@gmail.com	7688887656	GOT	medical	51-200	[]	hello	Read	2026-05-04 12:08:17.306175+05:30
4	Demo	bhogejayesh69@gmail.com	7690990990	demo1234	medicine	10-50	[]	asfskfgskjgfskhfskjbfskjbfskjfbskjfbskjfgskjfbsjkfbsdkjfbdjkfbdkjfbdkjfbdkjvbfdkjbvgedkjvbdkjvbdkjvbdjkgvbkjdjfvedjkvbfdkjvbfdkjgvbedjkbgedajkbgaajkdgbkjdbgkjdbgdkjgbjdgbkjdbgkdjgbkjdfbgdkfjbgdkfbgskdfbksjbgkjsdbgkjdgjsdbgkjdfbgjdggjjhdfg	New	2026-05-04 15:35:13.398079+05:30
5	jayesh bhoge	bhogejayesh69@gmail.com	7690990978	TechnoKraft	medicine	201-500	[]	fhddghfghfxgh	New	2026-05-04 15:59:02.47642+05:30
6	Jayesh Kishor Bhoge	bhogejayesh@gmail.com	7499398367	Shree Automotive Parts Pvt Ltd	ff	10-50	[]	g	New	2026-05-05 13:33:08.50351+05:30
7	jayesh bhoge	bhogejayesh69@gmail.com	5645678909	ABC	medicine	51-200	[]	hello	New	2026-05-05 16:55:13.282685+05:30
8	Ashish	ashish@creativewebsolution.in	9876543219	cksd	jhf	10-50	[]	hjg	New	2026-05-08 12:25:28.49958+05:30
9	ghfghfghfghfg	hidaf29551@deapad.com	6786986897	ghfhfghfgghfh			[]		New	2026-05-12 14:59:48.938969+05:30
10	fhfgghfghfggh	hidaf29551@deapad.com	7686896896	hfjfhjfhhjfj			[]		New	2026-05-12 15:00:04.010405+05:30
11	dfhdghdgh	hidaf29551@deapad.com	6786896986	jjfhjgfj			[]		New	2026-05-12 15:00:49.95686+05:30
12	Jayesh Kishor Bhoge	bhogejayesh69@gmail.com	7499398367	Creative Web Solution			[]		New	2026-05-12 15:01:12.323092+05:30
13	Jayesh Kishor Bhoge	bhogejayesh69@gmail.com	7499398367	Creative Web Solution			[]		New	2026-05-12 15:16:38.655096+05:30
14	Jayesh Kishor Bhoge	bhogejayesh69@gmail.com	7499398367	Creative Web Solution			[]		New	2026-05-12 15:20:10.277823+05:30
15	dfhdhdghdfh	kocid59273@ellbit.com	4574747474	Creative Web Solution			[]		New	2026-05-12 15:24:56.047096+05:30
16	gdghdghfgh	bhogejayesh69@gmail.com	7686896896	Creative Web Solution			[]		New	2026-05-12 15:27:51.98624+05:30
17	Jayesh Kishor Bhoge	bhogejayesh@gmail.com	7499398367	Creative			[]		New	2026-05-12 17:21:30.559885+05:30
18	Jayesh Kishor Bhoge	bhogejayesh@gmail.com	7499398367	fhdhfdfh			[]		New	2026-05-12 17:23:58.971727+05:30
19	hhhhhh	bhogejayesh69@gmail.com	4574746764	dfdfgdffgdffg			[]		New	2026-05-13 10:54:10.958885+05:30
20	Jayesh Kishor Bhoge	bhogejayesh69@gmail.com	7499398367	sfsfsfsfsdf			[]		New	2026-05-13 11:24:25.625108+05:30
\.


--
-- TOC entry 5438 (class 0 OID 53842)
-- Dependencies: 223
-- Data for Name: accounts_lead; Type: TABLE DATA; Schema: public; Owner: postgres
--

COPY public.accounts_lead (id, name, email, phone, company_name, business_type, company_size, message, status, created_at) FROM stdin;
1	Demo	demo@gmail.com	7690990909	demo pvt ltd	Pharma	11-50		New	2026-05-04 10:21:09.121234+05:30
2	GOT	got@gmail.com	5645678907	GOT	Retail	1-10	hello	New	2026-05-04 10:35:46.718391+05:30
3	dev	dev@gmail.com	7690990977	dev	Retail	1-10	hello	New	2026-05-04 10:38:49.490141+05:30
4	ketan	bhogejayesh69@gmail.com	7690990909	ketan	Retail	1-10		New	2026-05-04 11:19:32.179503+05:30
5	jayesh bhoge	bhogejayesh69@gmail.com	7690990978	Techno	Warehouse	51-200	ahgfksjgfjsh	New	2026-05-04 15:57:09.661088+05:30
6	Jayesh Kishor Bhoge	bhogejayesh@gmail.com	7499398367	dsgfgdfgdg	Retail	1-10	adfsdfasdfsf	New	2026-05-05 12:51:41.695326+05:30
7	jayesh bhoge	bhogejayesh69@gmail.com	7690990978	demo pvt ltd	Warehouse	51-200	i have to book demo	Read	2026-05-05 16:58:25.309417+05:30
8	gfhg	hjbj@jkjh.com	8787687676	jbkjnbm	Retail	1-10		New	2026-05-08 12:28:44.501964+05:30
9	Jayesh Kishor Bhoge	lesera9318@ellbit.com	7499398355	Creative	retail	1-10	sdfgdg	Read	2026-05-12 11:39:41.514795+05:30
10	rjghdfhdffh	vokivo2371@deapad.com	7868968969	ghffhfghfghg	retail	1-10		New	2026-05-12 15:03:59.211404+05:30
11	Jayesh Kishor Bhoge	xoyoxo8442@deapad.com	7789789678	Creative Web Solution	retail	11-50		New	2026-05-12 15:08:31.741075+05:30
12	Jayesh Kishor Bhoge	kocid59273@ellbit.com	8978978968	Creative Web Solution	pharma	11-50		New	2026-05-12 15:22:02.199593+05:30
13	kkkkk	menalof901@ellbit.com	6456456456	Creative Web Solution	retail	11-50	xfxfsdf	New	2026-05-13 11:29:21.456185+05:30
\.


--
-- TOC entry 5440 (class 0 OID 53857)
-- Dependencies: 225
-- Data for Name: accounts_userprofile; Type: TABLE DATA; Schema: public; Owner: postgres
--

COPY public.accounts_userprofile (id, role, company_id, user_id, onboarding_completed) FROM stdin;
1	COMPANY_OWNER	1	2	f
2	COMPANY_OWNER	2	3	f
3	COMPANY_OWNER	3	4	f
4	COMPANY_OWNER	\N	6	f
5	COMPANY_OWNER	\N	7	f
6	COMPANY_OWNER	6	8	f
7	COMPANY_OWNER	7	9	f
8	COMPANY_OWNER	8	10	t
11	COMPANY_OWNER	11	13	t
9	COMPANY_OWNER	\N	11	t
10	COMPANY_OWNER	\N	12	t
12	COMPANY_OWNER	12	14	t
13	COMPANY_OWNER	13	15	f
14	COMPANY_OWNER	14	16	f
15	COMPANY_OWNER	15	17	f
16	COMPANY_OWNER	16	18	f
17	COMPANY_OWNER	17	19	f
18	COMPANY_OWNER	19	21	f
19	COMPANY_OWNER	20	22	f
20	COMPANY_OWNER	21	23	f
21	COMPANY_OWNER	22	24	f
22	COMPANY_OWNER	23	25	f
23	COMPANY_OWNER	24	26	f
24	COMPANY_OWNER	25	27	f
25	COMPANY_OWNER	26	28	f
26	COMPANY_OWNER	27	29	f
27	COMPANY_OWNER	28	30	f
28	COMPANY_OWNER	29	31	f
29	COMPANY_OWNER	30	32	f
30	COMPANY_OWNER	31	33	f
31	COMPANY_OWNER	32	34	f
32	COMPANY_OWNER	33	35	f
33	COMPANY_OWNER	34	36	f
34	COMPANY_OWNER	35	37	f
35	COMPANY_OWNER	36	38	f
36	COMPANY_OWNER	37	39	f
37	COMPANY_OWNER	38	40	f
38	COMPANY_OWNER	39	41	f
\.


--
-- TOC entry 5442 (class 0 OID 53865)
-- Dependencies: 227
-- Data for Name: auth_group; Type: TABLE DATA; Schema: public; Owner: postgres
--

COPY public.auth_group (id, name) FROM stdin;
\.


--
-- TOC entry 5444 (class 0 OID 53871)
-- Dependencies: 229
-- Data for Name: auth_group_permissions; Type: TABLE DATA; Schema: public; Owner: postgres
--

COPY public.auth_group_permissions (id, group_id, permission_id) FROM stdin;
\.


--
-- TOC entry 5446 (class 0 OID 53878)
-- Dependencies: 231
-- Data for Name: auth_permission; Type: TABLE DATA; Schema: public; Owner: postgres
--

COPY public.auth_permission (id, name, content_type_id, codename) FROM stdin;
1	Can add log entry	1	add_logentry
2	Can change log entry	1	change_logentry
3	Can delete log entry	1	delete_logentry
4	Can view log entry	1	view_logentry
5	Can add permission	2	add_permission
6	Can change permission	2	change_permission
7	Can delete permission	2	delete_permission
8	Can view permission	2	view_permission
9	Can add group	3	add_group
10	Can change group	3	change_group
11	Can delete group	3	delete_group
12	Can view group	3	view_group
13	Can add user	4	add_user
14	Can change user	4	change_user
15	Can delete user	4	delete_user
16	Can view user	4	view_user
17	Can add content type	5	add_contenttype
18	Can change content type	5	change_contenttype
19	Can delete content type	5	delete_contenttype
20	Can view content type	5	view_contenttype
21	Can add session	6	add_session
22	Can change session	6	change_session
23	Can delete session	6	delete_session
24	Can view session	6	view_session
25	Can add company	7	add_company
26	Can change company	7	change_company
27	Can delete company	7	delete_company
28	Can view company	7	view_company
29	Can add user profile	8	add_userprofile
30	Can change user profile	8	change_userprofile
31	Can delete user profile	8	delete_userprofile
32	Can view user profile	8	view_userprofile
33	Can add category	9	add_category
34	Can change category	9	change_category
35	Can delete category	9	delete_category
36	Can view category	9	view_category
37	Can add product	10	add_product
38	Can change product	10	change_product
39	Can delete product	10	delete_product
40	Can view product	10	view_product
41	Can add sales order item	11	add_salesorderitem
42	Can change sales order item	11	change_salesorderitem
43	Can delete sales order item	11	delete_salesorderitem
44	Can view sales order item	11	view_salesorderitem
45	Can add sales order	12	add_salesorder
46	Can change sales order	12	change_salesorder
47	Can delete sales order	12	delete_salesorder
48	Can view sales order	12	view_salesorder
49	Can add vendor	13	add_vendor
50	Can change vendor	13	change_vendor
51	Can delete vendor	13	delete_vendor
52	Can view vendor	13	view_vendor
53	Can add purchase order	14	add_purchaseorder
54	Can change purchase order	14	change_purchaseorder
55	Can delete purchase order	14	delete_purchaseorder
56	Can view purchase order	14	view_purchaseorder
57	Can add purchase order item	15	add_purchaseorderitem
58	Can change purchase order item	15	change_purchaseorderitem
59	Can delete purchase order item	15	delete_purchaseorderitem
60	Can view purchase order item	15	view_purchaseorderitem
61	Can add stock entry	16	add_stockentry
62	Can change stock entry	16	change_stockentry
63	Can delete stock entry	16	delete_stockentry
64	Can view stock entry	16	view_stockentry
65	Can add transaction	17	add_transaction
66	Can change transaction	17	change_transaction
67	Can delete transaction	17	delete_transaction
68	Can view transaction	17	view_transaction
69	Can add stock	21	add_stock
70	Can change stock	21	change_stock
71	Can delete stock	21	delete_stock
72	Can view stock	21	view_stock
73	Can add contact person	19	add_contactperson
74	Can change contact person	19	change_contactperson
75	Can delete contact person	19	delete_contactperson
76	Can view contact person	19	view_contactperson
77	Can add customer	20	add_customer
78	Can change customer	20	change_customer
79	Can delete customer	20	delete_customer
80	Can view customer	20	view_customer
81	Can add address	18	add_address
82	Can change address	18	change_address
83	Can delete address	18	delete_address
84	Can view address	18	view_address
85	Can add stock transaction	22	add_stocktransaction
86	Can change stock transaction	22	change_stocktransaction
87	Can delete stock transaction	22	delete_stocktransaction
88	Can view stock transaction	22	view_stocktransaction
89	Can add quote item	23	add_quoteitem
90	Can change quote item	23	change_quoteitem
91	Can delete quote item	23	delete_quoteitem
92	Can view quote item	23	view_quoteitem
93	Can add quote	24	add_quote
94	Can change quote	24	change_quote
95	Can delete quote	24	delete_quote
96	Can view quote	24	view_quote
97	Can add product batch	25	add_productbatch
98	Can change product batch	25	change_productbatch
99	Can delete product batch	25	delete_productbatch
100	Can view product batch	25	view_productbatch
101	Can add vendor	26	add_vendor
102	Can change vendor	26	change_vendor
103	Can delete vendor	26	delete_vendor
104	Can view vendor	26	view_vendor
105	Can add staff	27	add_staff
106	Can change staff	27	change_staff
107	Can delete staff	27	delete_staff
108	Can view staff	27	view_staff
109	Can add inventory alert	28	add_inventoryalert
110	Can change inventory alert	28	change_inventoryalert
111	Can delete inventory alert	28	delete_inventoryalert
112	Can view inventory alert	28	view_inventoryalert
113	Can add new entry	29	add_newentry
114	Can change new entry	29	change_newentry
115	Can delete new entry	29	delete_newentry
116	Can view new entry	29	view_newentry
117	Can add enterprise lead	31	add_enterpriselead
118	Can change enterprise lead	31	change_enterpriselead
119	Can delete enterprise lead	31	delete_enterpriselead
120	Can view enterprise lead	31	view_enterpriselead
121	Can add lead	32	add_lead
122	Can change lead	32	change_lead
123	Can delete lead	32	delete_lead
124	Can view lead	32	view_lead
125	Can add email verification	30	add_emailverification
126	Can change email verification	30	change_emailverification
127	Can delete email verification	30	delete_emailverification
128	Can view email verification	30	view_emailverification
129	Can add payment	33	add_payment
130	Can change payment	33	change_payment
131	Can delete payment	33	delete_payment
132	Can view payment	33	view_payment
\.


--
-- TOC entry 5448 (class 0 OID 53886)
-- Dependencies: 233
-- Data for Name: auth_user; Type: TABLE DATA; Schema: public; Owner: postgres
--

COPY public.auth_user (id, password, last_login, is_superuser, username, first_name, last_name, email, is_staff, is_active, date_joined) FROM stdin;
3	pbkdf2_sha256$870000$oIHp9LB42DXpqPPkP4gUBM$XNBQvCgYzgW9QT1jGh5NiULAI47d7gOeHBrrFQDb9dc=	\N	f	creative				f	t	2026-01-02 10:53:18.373645+05:30
4	pbkdf2_sha256$870000$jHs3xApFeOzwBW6wGn02tz$IuDzMtebjTft0vyTKjcoJDsw4dYrubqoJgNnggdmEQ0=	2026-01-08 12:34:23.00902+05:30	f	infotech				f	t	2026-01-08 12:32:26.298527+05:30
5	pbkdf2_sha256$1000000$wmESdwh0jtbFXLAP90ZO4J$02EFsSn4NFRn4G1aSwY62Jy82lfE3bu7QLhn5DrtJ1o=	2026-03-04 17:18:17.838072+05:30	t	Neha			Neha@gmail.com	t	t	2026-03-04 17:17:21.50121+05:30
6	pbkdf2_sha256$870000$QKgPvGSmB072M1A48fdghG$/e0vCARmg8BvrzlgaDcovpJtsWJ68/+h2K6wjpmXJzE=	\N	f	SAMPLE				f	t	2026-03-12 17:47:06.519006+05:30
7	pbkdf2_sha256$1200000$iFZFf0QwvEKBAY5dR0rJwt$RVxj0QUaTKArHVAEKDCDEBL5N6VNys4TWbxCFS9XL08=	\N	f	tancent				f	t	2026-03-28 11:22:35.655359+05:30
22	pbkdf2_sha256$1200000$W41pCmQFhISxJagQ8MEh25$r/iJ5mCO2a3MN5gKVcLN8xqtJugqDxTOCsPhATEaLuI=	2026-05-06 10:20:42.634891+05:30	f	techno				f	t	2026-05-06 10:20:15.766927+05:30
14	pbkdf2_sha256$1200000$v2AvwzjucKMll5MSDULEw4$SRWuoj3AwDJ0vbAhQzQzvmwc7ys6evd8aoPuqUXQBiU=	2026-05-04 12:10:15.540206+05:30	f	bhogejayesh@gmail.com	jayesh bhoge		bhogejayesh@gmail.com	f	t	2026-05-04 12:05:51.590864+05:30
10	pbkdf2_sha256$1200000$naevib0FJIbvySdnEpW9gk$gIiAyIhlBKiwrbsrUpd8E8pMwGiHVHTi9p42RPi5pEA=	2026-05-04 10:22:04.113661+05:30	f	demo@gmail.com	demo		demo@gmail.com	f	t	2026-05-04 10:22:03.080689+05:30
11	pbkdf2_sha256$1200000$f4RxzfQX1SRl2eZRrgiaVb$LTstOkOVSgVlTx/aNfrijI3xRF8M91IfIc0LaC53u60=	2026-05-04 10:32:10.261728+05:30	f	got@gmail.com	GOT		got@gmail.com	f	t	2026-05-04 10:32:09.16+05:30
17	pbkdf2_sha256$1200000$xACvPibckMN4YR4VmyqgL2$2vIZU0tO3z3WFBm221OiM61bZVcJNvXJ9aKfJNaMU90=	2026-05-05 15:10:51.720704+05:30	f	xovaf58978@justnapa.com	Jhon		xovaf58978@justnapa.com	f	t	2026-05-05 15:10:47.253799+05:30
12	pbkdf2_sha256$1200000$doDfsXDMKNHJrxGuAjPau7$+wwdXWLaIjeidpp2OvWrHQVKKv9cJY7hruT/O23/FFc=	2026-05-04 11:24:02.095014+05:30	f	bhogejayesh69@gmail.com	ketan		bhogejayesh69@gmail.com	f	t	2026-05-04 11:23:56.843745+05:30
15	pbkdf2_sha256$1200000$SjskNeTuiC9Z9zxHnRx1Ji$aINI77Rid1rbsaEegtrPdvhPAzAS+yjQAUM+tC9DqOU=	2026-05-04 15:03:14.373846+05:30	f	jayesh.bhoge@mmit.edu.in	jayesh bhoge		jayesh.bhoge@mmit.edu.in	f	t	2026-05-04 14:57:41.515348+05:30
13	pbkdf2_sha256$1200000$ePsKRGbqXAGZDGghDpOtID$m2JoRqn+BFlRizq4Uu2gUJVgm4RDS6vSeIidOU7RBh4=	2026-05-04 12:00:06.554414+05:30	f	jayeshbhoge3@gmail.com	demo4		jayeshbhoge3@gmail.com	f	t	2026-05-04 11:31:59.243799+05:30
19	pbkdf2_sha256$1200000$3erbqsmR7E7QC7NhWi05tk$bmwwl+zzIcpuV+UXXxp2FlHxqlZ8Ydj1wvq6kIl2Iog=	2026-05-05 15:47:28.744094+05:30	f	vitaja8286@inreur.com	brock		vitaja8286@inreur.com	f	t	2026-05-05 15:46:35.772014+05:30
20	pbkdf2_sha256$1200000$N6BegwSAsuPxuyihnStLVw$GEpdNqcE8DN7Nmb8CBnfJJbXLfy1c5bPY4eDwS44SBo=	\N	f	niwecey179@justnapa.com	jhon		niwecey179@justnapa.com	f	f	2026-05-05 16:49:15.750319+05:30
8	pbkdf2_sha256$1200000$fEMaurUsjSQu4d4zQmPJpM$LsXnJS9aYHDRIlWgiS7Q5au7xXOOsIxoMGAViOR7EVM=	\N	f	aaaaaaaaaaaaaaaaaaaaaaaaaaaaaa				f	t	2026-04-27 11:00:22.300917+05:30
9	pbkdf2_sha256$1200000$iG6Bp6imwnC6lIYW77DTzh$KVYmg11c10L5siS284VKXkIJ1AYo/MDA49NLs4U1be0=	\N	f	eeeeeeeeeeeeeeeeeeeeeeeeeeeeee				f	t	2026-04-27 11:01:12.659703+05:30
21	pbkdf2_sha256$1200000$ITfIwyh8HyDv3WirDaREGA$6eNziPORk7gcysKX30WrA45y9FGI81Qx0Q5pUo6UjPs=	2026-05-05 16:51:13.377196+05:30	f	fagewe9461@inreur.com	ketan		fagewe9461@inreur.com	f	t	2026-05-05 16:50:33.111523+05:30
16	pbkdf2_sha256$1200000$2HK1rH6SNm1kzhmAVKFOSO$RjlY/w/fSu7mAvvIlvncigrTrK32oltNphV5KT1C65I=	2026-05-04 15:55:18.478543+05:30	f	rotise6134@justnapa.com	Demo123		rotise6134@justnapa.com	f	t	2026-05-04 15:50:19.015296+05:30
23	pbkdf2_sha256$870000$4HFY5Mwy2j54gSO7xZ9wdl$79+FIjoQjH2DKNAt1oiUrGurH0miynM9J8WsJ+RbMmw=	2026-05-08 12:22:51.139766+05:30	f	ashish@creativewebsolution.in	ashish yadav		ashish@creativewebsolution.in	f	t	2026-05-08 12:22:10.147471+05:30
26	pbkdf2_sha256$870000$o4YXkWxYDOphqkwSa8JsEj$sGHM/KUNCZYSe5CjJ5ZFsufJx4YQbRP4YIUGkWLBY5A=	2026-05-12 10:52:49.69298+05:30	f	renami5525@bezill.com	John		renami5525@bezill.com	f	t	2026-05-12 10:51:55.569553+05:30
27	pbkdf2_sha256$870000$5Ge0EirpLvpz7PaDBFesIG$L4KRSxknM0CN/BOt/dG6/18bKIUPXPFhuupsPNqyCAc=	2026-05-12 11:02:00.983831+05:30	f	velag86573@codoteam.com	jbhjjbjhbjhbj		velag86573@codoteam.com	f	t	2026-05-12 11:01:08.486448+05:30
24	pbkdf2_sha256$870000$IxgRLUepyuTxEe5Cr6VLFU$3e9PymHDFGydAn+mXkBKAVxwrt+mERMDBbd1mtp59R0=	2026-05-08 17:23:11.692875+05:30	f	figesin741@bezill.com	faltu faltu		figesin741@bezill.com	f	t	2026-05-08 17:22:30.500711+05:30
25	pbkdf2_sha256$870000$CG20cTTwQutZRiNCSwrBwx$XyWeCZF3X+wBTCUnOV9qFTU2mc0Dv8Rk475FMXLNPM0=	2026-05-12 10:02:03.776616+05:30	f	nexora_admin				f	t	2026-05-12 10:01:17.911346+05:30
1	pbkdf2_sha256$1200000$xWrywC64l8BO0Af8jcS5pz$M7QE4z2D9OCl2Bi5UoCLGXrLChOwlnft6TECVXFqbHg=	2026-05-13 17:34:32.34388+05:30	t	admin			admin@example.com	t	t	2025-12-31 10:13:52.180181+05:30
30	pbkdf2_sha256$1200000$ruPYSgS7bYnzJhN02xc8y5$2DFOdAPzAIwlbYigTB214niV4tyIL+kJQ4iStAoTTks=	\N	f	xoyoxo8442@deapad.com	bbb		xoyoxo8442@deapad.com	f	f	2026-05-12 15:13:53.669939+05:30
37	pbkdf2_sha256$1200000$tN6UD91uRRQam4tDDo7x98$EQ8rj1v6blwnlx6yUmyl9cGqefzTWXwHFcDNJnxsCq4=	\N	f	dermo				f	t	2026-05-13 17:35:19.085783+05:30
2	pbkdf2_sha256$1200000$ajfPP6r78yt9alPUGRpSHY$B/3J/cQcHJtnyasX4nyESdDjayslEPJz+c01K0eWPP0=	2026-05-13 15:54:07.780417+05:30	f	ABC				f	t	2025-12-31 10:15:40.966083+05:30
34	pbkdf2_sha256$1200000$uhRqX3lTC4QYHMOqL5AjIp$vJsO6vfSU8lPxD8FLsgTSrr3EiAxl64c77OsdovFPGQ=	\N	f	fepoli9957@deapad.com	Jayesh Kishor Bhoge		fepoli9957@deapad.com	f	f	2026-05-13 16:38:05.46035+05:30
28	pbkdf2_sha256$1200000$sZppIVChqZrlKb9w8XUzgV$o7hGpw2VLfWu1Q5NlQueBTLvAVE9zKtPjesAB/+5Z9w=	2026-05-13 13:49:58.310901+05:30	f	hamisew929@ellbit.com	kkk		hamisew929@ellbit.com	f	t	2026-05-12 11:51:12.822946+05:30
32	pbkdf2_sha256$1200000$uII2eJvMHp3w5pGY1uL0uA$rnDshsOlErlgNOK3fE2XJNzutvi79K9hbCwiS6apSoI=	2026-05-13 14:24:16.148912+05:30	f	yesame3699@deapad.com	mt		yesame3699@deapad.com	f	t	2026-05-13 14:22:58.409532+05:30
31	pbkdf2_sha256$1200000$anMnnkZsmaEdpJNl4LDzYE$QNbs0ljbypHURwCs14YXiXTXuCy4jzjPnaRdPF5n2ug=	2026-05-13 14:20:40.169901+05:30	f	galivoh556@deapad.com	kt		galivoh556@deapad.com	f	t	2026-05-13 14:16:37.903373+05:30
33	pbkdf2_sha256$1200000$lTBsGiViryTLuab4QvQQnE$TM6PkSGEkuq+MEAzGUfehwZ5AwW4Nb7uhwLaqRp0gzo=	2026-05-13 15:28:48.0527+05:30	f	vijoh87033@ellbit.com	kmt		vijoh87033@ellbit.com	f	t	2026-05-13 15:28:11.277963+05:30
35	pbkdf2_sha256$1200000$bQcycRouOOycauQtQj8q0N$V/dshEZGEQaqaSmvhZAGdn+d3mjASzr15xUqkn7vNxI=	2026-05-13 16:58:05.822646+05:30	f	nibisi5257@ellbit.com	Jhon		nibisi5257@ellbit.com	f	t	2026-05-13 16:57:39.945572+05:30
18	pbkdf2_sha256$1200000$AYOVKUuhYZORrK4Cwj1CG4$Y5VCAnPuSyqEy6AqayZFdg+bv958buBlNvjHIiYPmbI=	2026-05-13 14:54:58.658903+05:30	f	xewod36555@justnapa.com	Roman		xewod36555@justnapa.com	f	t	2026-05-05 15:15:52.838553+05:30
29	pbkdf2_sha256$1200000$CKLoOhwIbcKLET0TXgQ5Fg$8YNLRw4/Rma1VdTBo7vQJ9Lfo4jlE/oAJ3ESHTANte4=	2026-05-13 15:32:14.311345+05:30	f	ripode8907@ellbit.com	hghg		ripode8907@ellbit.com	f	t	2026-05-12 11:56:17.260053+05:30
36	pbkdf2_sha256$1200000$q6zfQihZY3OLXV51UXL6O2$jQ+Yr6P6eU6pfE67XHnXVj67QiLV5fVtb5+IAwWDdMc=	2026-05-13 17:20:43.038608+05:30	f	megad62258@ellbit.com	demmooo		megad62258@ellbit.com	f	t	2026-05-13 17:09:53.37993+05:30
38	pbkdf2_sha256$1200000$GhKwU1y6fMgCJLoQ28I8K2$FNC0DFPKpayH/MDddWNXASRy55ylFXfzrD+OtlD2Vao=	\N	f	6767464564	vbvbvbvb		gepikem597@deapad.com	f	t	2026-05-14 10:48:24.06344+05:30
39	pbkdf2_sha256$1200000$GIIn8hkrh9NmJh35LGUQhO$aGlOviss1+Dnp8FoG5zlRUpW0Ur4TKPfe4bxb4Yldik=	2026-05-14 11:00:13.57233+05:30	f	6578567647	gjgjgjgj		venof61131@deapad.com	f	t	2026-05-14 10:58:57.318466+05:30
40	pbkdf2_sha256$1200000$gtCy2rLaYMgVFUDSJDIZZW$ktvFhWDjINyd78VyQLZl07TR4PbQcU4YXncKY/4dXOk=	2026-05-14 11:02:28.683357+05:30	f	gidoba3845@deapad.com	fgfgfgfg		gidoba3845@deapad.com	f	t	2026-05-14 11:02:00.512511+05:30
41	pbkdf2_sha256$1200000$z2QRwtqfOhcluU035hjzun$lgXNu26hNX2A2OJb5RbDwt8d2D9oPCMOx531gyL6rE8=	2026-05-14 11:11:14.103349+05:30	f	degepo7140@ellbit.com	fjfjfjfjfj		degepo7140@ellbit.com	f	t	2026-05-14 11:10:07.001379+05:30
\.


--
-- TOC entry 5449 (class 0 OID 53901)
-- Dependencies: 234
-- Data for Name: auth_user_groups; Type: TABLE DATA; Schema: public; Owner: postgres
--

COPY public.auth_user_groups (id, user_id, group_id) FROM stdin;
\.


--
-- TOC entry 5452 (class 0 OID 53909)
-- Dependencies: 237
-- Data for Name: auth_user_user_permissions; Type: TABLE DATA; Schema: public; Owner: postgres
--

COPY public.auth_user_user_permissions (id, user_id, permission_id) FROM stdin;
\.


--
-- TOC entry 5454 (class 0 OID 53916)
-- Dependencies: 239
-- Data for Name: company_company; Type: TABLE DATA; Schema: public; Owner: postgres
--

COPY public.company_company (id, name, email, owner_id, created_at, plan_type, is_subscription_active, subscription_start, subscription_end, phone) FROM stdin;
15	jhon Cena	xovaf58978@justnapa.com	17	2026-05-05 15:10:48.137353+05:30	TRIAL	f	\N	\N	\N
17	Medicine	vitaja8286@inreur.com	19	2026-05-05 15:46:36.661207+05:30	TRIAL	f	\N	\N	\N
22	faltu	figesin741@bezill.com	24	2026-05-08 17:22:31.323029+05:30	TRIAL	f	\N	\N	\N
24	JSNKJN	renami5525@bezill.com	26	2026-05-12 10:51:55.612262+05:30	BUSINESS	t	2026-05-12 10:51:55.611265+05:30	\N	\N
27	hghg	ripode8907@ellbit.com	29	2026-05-12 11:56:17.26894+05:30	BUSINESS	t	2026-05-12 11:56:17.268565+05:30	\N	\N
2	Creative Technologies	creative@example.com	3	2026-01-02 10:53:20.710914+05:30	STARTER	t	2026-05-13 13:34:12.25453+05:30	2026-06-12 13:34:12.254515+05:30	\N
3	Infotech	info@info.com	4	2026-01-08 12:32:27.341246+05:30	STARTER	t	2026-05-13 13:34:12.256836+05:30	2026-06-12 13:34:12.256828+05:30	\N
1	ABC	abc@example.com	2	2025-12-31 10:15:41.776296+05:30	STARTER	t	2026-05-13 13:34:12.257875+05:30	2026-06-12 13:34:12.257867+05:30	\N
6	ddddddddddddddddddddddddddddddddddddddddddddddddd	company12@gmail.com	8	2026-04-27 11:00:23.189352+05:30	STARTER	t	2026-05-13 13:34:12.258955+05:30	2026-06-12 13:34:12.258948+05:30	\N
7	qqqqqqqqqqqqqqqqqqqqqqqqqqqqqqqqqqqqqqqqqqqqqqqqq	company@123.gmail.com	9	2026-04-27 11:01:13.556246+05:30	STARTER	t	2026-05-13 13:34:12.260003+05:30	2026-06-12 13:34:12.259993+05:30	\N
8	Medical	demo@gmail.com	10	2026-05-04 10:22:03.974278+05:30	STARTER	t	2026-05-13 13:34:12.260864+05:30	2026-06-12 13:34:12.260859+05:30	\N
11	demo4	jayeshbhoge3@gmail.com	13	2026-05-04 11:32:00.17714+05:30	STARTER	t	2026-05-13 13:34:12.261394+05:30	2026-06-12 13:34:12.26139+05:30	\N
12	GOT	bhogejayesh@gmail.com	14	2026-05-04 12:05:52.451966+05:30	STARTER	t	2026-05-13 13:34:12.262072+05:30	2026-06-12 13:34:12.262068+05:30	\N
13	GADA pvt ltd	jayesh.bhoge@mmit.edu.in	15	2026-05-04 14:57:42.444644+05:30	STARTER	t	2026-05-13 13:34:12.263016+05:30	2026-06-12 13:34:12.26301+05:30	\N
14	demo890	rotise6134@justnapa.com	16	2026-05-04 15:50:20.042242+05:30	STARTER	t	2026-05-13 13:34:12.263888+05:30	2026-06-12 13:34:12.263883+05:30	\N
20	TechnoKraft	techno@gmail.com	22	2026-05-06 10:20:16.756983+05:30	STARTER	t	2026-05-13 13:34:12.264684+05:30	2026-06-12 13:34:12.264679+05:30	\N
23	Nexora Technologies	nexora@admin.com	25	2026-05-12 10:01:20.488284+05:30	STARTER	t	2026-05-13 13:34:12.265449+05:30	2026-06-12 13:34:12.265443+05:30	\N
19	mobiles	fagewe9461@inreur.com	21	2026-05-05 16:50:34.094634+05:30	STARTER	t	2026-05-13 13:34:12.266217+05:30	2026-06-12 13:34:12.266208+05:30	\N
21	hjjhb	ashish@creativewebsolution.in	23	2026-05-08 12:22:10.948066+05:30	STARTER	t	2026-05-13 13:34:12.267045+05:30	2026-06-12 13:34:12.267036+05:30	\N
26	demo	hamisew929@ellbit.com	28	2026-05-12 11:51:12.834385+05:30	STARTER	t	2026-05-13 13:49:26.918935+05:30	2026-06-12 13:49:26.91894+05:30	\N
28	bbb	xoyoxo8442@deapad.com	30	2026-05-12 15:13:53.675458+05:30	STARTER	t	2026-05-13 14:18:19.347172+05:30	2026-06-12 14:18:19.347179+05:30	\N
25	jhbjh	velag86573@codoteam.com	27	2026-05-12 11:01:12.375483+05:30	BUSINESS	t	2026-05-13 14:18:27.679254+05:30	2026-06-12 14:18:27.679262+05:30	\N
29	kt pvt ltd	galivoh556@deapad.com	31	2026-05-13 14:16:38.791471+05:30	BUSINESS	t	2026-05-13 14:20:09.072695+05:30	2026-06-12 14:20:09.072702+05:30	\N
30	mt pvt ltd	yesame3699@deapad.com	32	2026-05-13 14:22:58.415566+05:30	STARTER	t	2026-05-13 14:22:58.415175+05:30	2026-06-12 14:22:58.41518+05:30	\N
16	Roman Empire	xewod36555@justnapa.com	18	2026-05-05 15:15:53.752401+05:30	BUSINESS	t	2026-05-13 14:54:36.724051+05:30	2026-06-12 14:54:36.724056+05:30	\N
31	kmt	vijoh87033@ellbit.com	33	2026-05-13 15:28:11.287415+05:30	BUSINESS	t	2026-05-13 15:28:11.286998+05:30	2026-06-12 15:28:11.287002+05:30	\N
32	Creative Web Solution	fepoli9957@deapad.com	34	2026-05-13 16:38:06.362303+05:30	TRIAL	f	\N	\N	7499398367
33	fghfhfgh	nibisi5257@ellbit.com	35	2026-05-13 16:57:40.970615+05:30	TRIAL	f	\N	\N	1234567899
34	demooo	megad62258@ellbit.com	36	2026-05-13 17:09:53.386296+05:30	BUSINESS	t	2026-05-13 17:09:53.385656+05:30	2026-06-12 17:09:53.385663+05:30	7676767676
35	sdsdfsgsgdghetewr	hixawe8813@ellbit.com	37	2026-05-13 17:35:19.988424+05:30	TRIAL	f	\N	\N	\N
36	vbvbvbvb	gepikem597@deapad.com	38	2026-05-14 10:48:25.407658+05:30	TRIAL	f	\N	\N	\N
37	gjgjgjgj	venof61131@deapad.com	39	2026-05-14 10:58:58.354764+05:30	TRIAL	f	\N	\N	\N
38	fgfgfgfgfgfgfgfg	gidoba3845@deapad.com	40	2026-05-14 11:02:00.516225+05:30	BUSINESS	t	2026-05-14 11:02:00.515907+05:30	2026-06-13 11:02:00.515911+05:30	\N
39	fjfjfjfjjf	degepo7140@ellbit.com	41	2026-05-14 11:10:08.010283+05:30	TRIAL	f	\N	\N	6767676767
\.


--
-- TOC entry 5456 (class 0 OID 53927)
-- Dependencies: 241
-- Data for Name: company_newentry; Type: TABLE DATA; Schema: public; Owner: postgres
--

COPY public.company_newentry (id, entry_name, description, created_at, company_id) FROM stdin;
\.


--
-- TOC entry 5458 (class 0 OID 53937)
-- Dependencies: 243
-- Data for Name: company_payment; Type: TABLE DATA; Schema: public; Owner: postgres
--

COPY public.company_payment (id, plan_name, order_id, payment_id, razorpay_signature, payment_status, amount, currency, is_verified, payment_date, company_id) FROM stdin;
1	BUSINESS	order_SoKr5oB1dzheEq	pay_SoKrZe0lckmHDb	352bc483a8c52fc45ad6a506176fe08035ffa173fff36e500f720f50a96872a1	captured	1299	INR	t	2026-05-12 10:51:55.627148+05:30	24
2	STARTER	order_SoL3gIPmOXAz9h	pay_SoL4Qzf0UkdFO3	ced75b767552c6f29a2a1f9f2a719e34c953afe4c3be67cd1d4a45a3b973d55b	captured	499	INR	t	2026-05-12 11:04:01.889976+05:30	25
3	BUSINESS	order_SoLs4izNd1Lqpi	pay_SoLsFfvZKWKVVC	79db632cae21a2bee572aafaeafeee904f228651d4eba5aadcd9fe895940b4ba	captured	1299	INR	t	2026-05-12 11:51:12.836636+05:30	26
4	BUSINESS	order_SoLxLebUrlIBi3	pay_SoLxeKVEL58l4s	271780dbf373a7292df3a2d15778b75b19d7b60be50e5946a25289bb8ff0dcbb	captured	1299	INR	t	2026-05-12 11:56:17.27127+05:30	27
5	BUSINESS	order_SoPKIxTXrVbeuE	pay_SoPKNvaSbPgMJz	8fa9a4c8e47e1cacf31edbea48fc6b97a887f647bc948401087c27482ef7998f	captured	1299	INR	t	2026-05-12 15:13:53.677304+05:30	28
6	BUSINESS	order_SomwWMNz9pjWMP	pay_Somwf7RcQ4Q1xX	d65980a3856195a985b5dc354715bce5a9dc25a53a16e7778fcce639ea6fb4fd	captured	1299	INR	t	2026-05-13 14:20:09.068539+05:30	29
7	STARTER	order_Somzg8ijyCTRqu	pay_Somzk6eRa2KU81	3308b0f84f1ec9bb848bf14c34dabe55fc7e21c2f1b62348407ffa39f89325e0	captured	499	INR	t	2026-05-13 14:22:58.417593+05:30	30
8	BUSINESS	order_SonWwdrGkrVPsK	pay_SonX1eXQlI2kZd	ab35be11346bf6bc830d3757a2fb847a6590014e60c794b71ab705bd9075b171	captured	1299	INR	t	2026-05-13 14:54:36.721914+05:30	16
9	BUSINESS	order_Soo6Xtw6YxcQQ5	pay_Soo6c8g8GlHZlo	8830750c8e5f9b2ab3aeab832f84c96bef0b65677795ec767471bb33478fc906	captured	1299	INR	t	2026-05-13 15:28:11.289628+05:30	31
10	BUSINESS	order_SoppsYXWXAyWYk	pay_Sopq3PUdwklo4P	c8af99bd54ef374b884eb207a76939b90093a7bf7741d6fb75c73829057c937d	captured	1299	INR	t	2026-05-13 17:09:53.388405+05:30	34
11	BUSINESS	order_Sp86GfKK2OEVE3	pay_Sp86XZNyurGh7N	5f511dfaf1586fb77f9ecddb876c2e7c91fe749d56796a345b98bd90823e3672	captured	1299	INR	t	2026-05-14 11:02:00.517622+05:30	38
\.


--
-- TOC entry 5460 (class 0 OID 53954)
-- Dependencies: 245
-- Data for Name: company_staff; Type: TABLE DATA; Schema: public; Owner: postgres
--

COPY public.company_staff (id, name, email, created_at, company_id) FROM stdin;
\.


--
-- TOC entry 5462 (class 0 OID 53963)
-- Dependencies: 247
-- Data for Name: company_transaction; Type: TABLE DATA; Schema: public; Owner: postgres
--

COPY public.company_transaction (id, ref_id, item_name, quantity, status, price, created_at, company_id) FROM stdin;
\.


--
-- TOC entry 5464 (class 0 OID 53976)
-- Dependencies: 249
-- Data for Name: company_vendor; Type: TABLE DATA; Schema: public; Owner: postgres
--

COPY public.company_vendor (id, primary_contact_first_name, primary_contact_last_name, company_name, display_name, email, mobile, address, company_id, created_at, gst_number, is_active, language, salutation, updated_at) FROM stdin;
\.


--
-- TOC entry 5466 (class 0 OID 53992)
-- Dependencies: 251
-- Data for Name: django_admin_log; Type: TABLE DATA; Schema: public; Owner: postgres
--

COPY public.django_admin_log (id, action_time, object_id, object_repr, action_flag, change_message, content_type_id, user_id) FROM stdin;
\.


--
-- TOC entry 5468 (class 0 OID 54005)
-- Dependencies: 253
-- Data for Name: django_content_type; Type: TABLE DATA; Schema: public; Owner: postgres
--

COPY public.django_content_type (id, app_label, model) FROM stdin;
1	admin	logentry
2	auth	permission
3	auth	group
4	auth	user
5	contenttypes	contenttype
6	sessions	session
7	company	company
8	accounts	userprofile
9	inventory	category
10	inventory	product
11	inventory	salesorderitem
12	inventory	salesorder
13	inventory	vendor
14	inventory	purchaseorder
15	inventory	purchaseorderitem
16	inventory	stockentry
17	company	transaction
18	inventory	address
19	inventory	contactperson
20	inventory	customer
21	inventory	stock
22	inventory	stocktransaction
23	inventory	quoteitem
24	inventory	quote
25	inventory	productbatch
26	company	vendor
27	company	staff
28	inventory	inventoryalert
29	company	newentry
30	accounts	emailverification
31	accounts	enterpriselead
32	accounts	lead
33	company	payment
\.


--
-- TOC entry 5470 (class 0 OID 54012)
-- Dependencies: 255
-- Data for Name: django_migrations; Type: TABLE DATA; Schema: public; Owner: postgres
--

COPY public.django_migrations (id, app, name, applied) FROM stdin;
1	contenttypes	0001_initial	2025-12-31 10:10:30.113356+05:30
2	auth	0001_initial	2025-12-31 10:10:30.205977+05:30
3	company	0001_initial	2025-12-31 10:10:30.219536+05:30
4	accounts	0001_initial	2025-12-31 10:10:30.25853+05:30
5	admin	0001_initial	2025-12-31 10:10:30.289401+05:30
6	admin	0002_logentry_remove_auto_add	2025-12-31 10:10:30.295859+05:30
7	admin	0003_logentry_add_action_flag_choices	2025-12-31 10:10:30.304345+05:30
8	contenttypes	0002_remove_content_type_name	2025-12-31 10:10:30.323839+05:30
9	auth	0002_alter_permission_name_max_length	2025-12-31 10:10:30.331637+05:30
10	auth	0003_alter_user_email_max_length	2025-12-31 10:10:30.341685+05:30
11	auth	0004_alter_user_username_opts	2025-12-31 10:10:30.35038+05:30
12	auth	0005_alter_user_last_login_null	2025-12-31 10:10:30.358727+05:30
13	auth	0006_require_contenttypes_0002	2025-12-31 10:10:30.35969+05:30
14	auth	0007_alter_validators_add_error_messages	2025-12-31 10:10:30.369302+05:30
15	auth	0008_alter_user_username_max_length	2025-12-31 10:10:30.382303+05:30
16	auth	0009_alter_user_last_name_max_length	2025-12-31 10:10:30.391417+05:30
17	auth	0010_alter_group_name_max_length	2025-12-31 10:10:30.401642+05:30
18	auth	0011_update_proxy_permissions	2025-12-31 10:10:30.409353+05:30
19	auth	0012_alter_user_first_name_max_length	2025-12-31 10:10:30.419513+05:30
20	company	0002_company_created_at_alter_company_owner	2025-12-31 10:10:30.434626+05:30
21	sessions	0001_initial	2025-12-31 10:10:30.449481+05:30
22	inventory	0001_initial	2025-12-31 11:43:12.911337+05:30
23	inventory	0002_salesorder_salesorderitem	2025-12-31 14:17:01.053015+05:30
24	inventory	0003_purchaseorder_purchaseorderitem_vendor_and_more	2026-01-02 11:49:11.25828+05:30
25	inventory	0004_rename_name_vendor_display_name_and_more	2026-01-05 13:17:04.679879+05:30
26	inventory	0005_alter_vendor_mobile	2026-01-05 14:01:39.023904+05:30
27	inventory	0006_alter_vendor_address_alter_vendor_company_name_and_more	2026-01-05 14:17:51.308408+05:30
28	inventory	0007_stockentry	2026-01-05 18:42:04.131492+05:30
29	company	0003_alter_company_name_transaction	2026-01-05 18:57:06.398393+05:30
30	inventory	0008_customer_stock_contactperson_address	2026-01-06 18:18:19.278242+05:30
31	inventory	0009_stocktransaction	2026-01-07 11:58:37.590398+05:30
32	inventory	0010_product_low_stock_limit_product_product_company	2026-01-07 16:45:42.089637+05:30
33	inventory	0011_quote_quoteitem	2026-01-07 17:41:16.242047+05:30
34	inventory	0012_productbatch	2026-01-08 11:54:29.565284+05:30
35	inventory	0013_rename_purchase_order_purchaseorderitem_order_and_more	2026-01-08 12:46:21.319886+05:30
36	inventory	0014_alter_product_unique_together	2026-01-09 17:57:25.079873+05:30
37	inventory	0015_alter_purchaseorderitem_batch_number_and_more	2026-01-10 13:07:10.349179+05:30
38	inventory	0016_alter_productbatch_batch_number_and_more	2026-01-10 13:12:34.971706+05:30
39	inventory	0017_alter_purchaseorderitem_cost_price	2026-01-10 16:41:16.470784+05:30
40	company	0004_vendor	2026-01-12 15:27:37.679326+05:30
41	inventory	0018_alter_address_customer	2026-01-13 15:59:14.2007+05:30
42	inventory	0019_alter_contactperson_customer_and_more	2026-01-13 16:11:35.453964+05:30
43	company	0005_staff	2026-01-13 16:44:13.972771+05:30
44	inventory	0020_alter_customer_gst_number_alter_customer_phone	2026-01-14 16:30:19.194114+05:30
45	inventory	0021_stocktransaction_batch_alter_customer_website	2026-01-16 10:53:54.967304+05:30
46	inventory	0022_productbatch_is_active	2026-01-19 10:27:35.228266+05:30
47	inventory	0023_address_created_at_address_is_default_and_more	2026-01-20 09:41:45.488598+05:30
48	inventory	0024_stocktransaction_note	2026-01-20 10:42:26.313488+05:30
49	inventory	0025_vendor_status	2026-01-20 15:53:28.324127+05:30
50	inventory	0026_inventoryalert	2026-01-21 12:55:44.220064+05:30
51	inventory	0027_alter_product_name	2026-01-22 09:40:47.17705+05:30
52	inventory	0028_alter_purchaseorder_order_number	2026-01-22 14:52:04.406448+05:30
53	company	0006_newentry	2026-03-11 15:46:45.164417+05:30
54	inventory	0029_product_abc_class	2026-03-11 15:46:45.192777+05:30
55	company	0007_alter_vendor_options_vendor_company_and_more	2026-03-14 09:56:07.038767+05:30
56	inventory	0030_vendor_gst_number	2026-03-14 10:38:09.170601+05:30
57	inventory	0031_purchaseorderitem_received_quantity_and_more	2026-03-17 11:46:15.355141+05:30
58	inventory	0032_customer_company	2026-03-27 13:18:09.212381+05:30
59	accounts	0002_enterpriselead_lead_userprofile_onboarding_completed_and_more	2026-05-04 10:16:10.551388+05:30
60	company	0008_company_plan_type	2026-05-04 11:56:17.218409+05:30
61	company	0009_company_is_subscription_active_and_more	2026-05-12 10:48:01.587355+05:30
62	company	0010_company_subscription_end	2026-05-13 13:33:32.404495+05:30
63	company	0011_company_phone	2026-05-13 16:30:37.802495+05:30
\.


--
-- TOC entry 5472 (class 0 OID 54022)
-- Dependencies: 257
-- Data for Name: django_session; Type: TABLE DATA; Schema: public; Owner: postgres
--

COPY public.django_session (session_key, session_data, expire_date) FROM stdin;
ngqamki4e5z1vujr0dmbmt2ocmq8mbg5	.eJxVjMsOwiAQRf-FtSE8Z8Cle7-BAANSNTQp7cr479qkC93ec859sRC3tYVtlCVMxM5MsdPvlmJ-lL4Dusd-m3me-7pMie8KP-jg15nK83K4fwctjvathaGE3voSlQZXKqTqvFWkq0UjqhagK2AuSlidpLTeIUlSBkFQRQXs_QHQDDb6:1vaoCo:iMH_nhtNyzTOY3a2tByhMP-HQ_zl-ikIOzChHgM_D2E	2026-01-14 10:23:06.727963+05:30
iv2w15v6vyreyl50ojhhh65y9ju5qo40	.eJxVjMsOwiAQRf-FtSE8Z8Cle7-BAANSNTQp7cr479qkC93ec859sRC3tYVtlCVMxM5MsdPvlmJ-lL4Dusd-m3me-7pMie8KP-jg15nK83K4fwctjvathaGE3voSlQZXKqTqvFWkq0UjqhagK2AuSlidpLTeIUlSBkFQRQXs_QHQDDb6:1vbXdq:wm93GeJZobZ7ipaTbrx_PABod5laOhFpOExVbH3B1-Y	2026-01-16 10:54:02.959045+05:30
vzph5czjgzypwoszusvc1el4tdb2w5b9	.eJxVjMsOwiAQRf-FtSE8Z8Cle7-BAANSNTQp7cr479qkC93ec859sRC3tYVtlCVMxM5MsdPvlmJ-lL4Dusd-m3me-7pMie8KP-jg15nK83K4fwctjvathaGE3voSlQZXKqTqvFWkq0UjqhagK2AuSlidpLTeIUlSBkFQRQXs_QHQDDb6:1vd16b:VlOjGxnaE03hBYyH0cp_8ibrJMdR4Yd2grkTakW9nGQ	2026-01-20 12:33:49.066288+05:30
lhvd3tfcgwkkeri8dv42yc2xthzfuhhz	.eJxVjMsOgjAUBf-la9OUVmivS_d8A7mvCmpoQmFl_HclYaHbMzPnZQbc1nHYqi7DJOZivDn9boT80HkHcsf5ViyXeV0msrtiD1ptX0Sf18P9Oxixjt9aO2yyRIUGBJxvQxKMqJCYW99RxynSmTWnEByztOiAQEVBPWVgMO8PAZg5FA:1vgErd:5pSUa8mwOZ9FtAUFRfeIFSGznEPj9Ua1giZsCR6Jg6A	2026-01-29 09:51:41.242527+05:30
a96lhcamkd3pj0d7kw81fnyf6a3tk4it	.eJxVjMsOgjAUBf-la9OUVmivS_d8A7mvCmpoQmFl_HclYaHbMzPnZQbc1nHYqi7DJOZivDn9boT80HkHcsf5ViyXeV0msrtiD1ptX0Sf18P9Oxixjt9aO2yyRIUGBJxvQxKMqJCYW99RxynSmTWnEByztOiAQEVBPWVgMO8PAZg5FA:1vildD:Nv0rrN6Wacc4ea3moJdf3bAFPlWV2zm8aCO4ENHUDZU	2026-02-05 09:15:15.992681+05:30
ru2iagzej4sptnyon4tss147u37oaze3	.eJxVjMsOgjAUBf-la9OUVmivS_d8A7mvCmpoQmFl_HclYaHbMzPnZQbc1nHYqi7DJOZivDn9boT80HkHcsf5ViyXeV0msrtiD1ptX0Sf18P9Oxixjt9aO2yyRIUGBJxvQxKMqJCYW99RxynSmTWnEByztOiAQEVBPWVgMO8PAZg5FA:1vkgHw:lYms_2vMg7Ggina1G65x9w4QPRmg2iwyhE46JPqSsGQ	2026-02-10 15:57:12.082591+05:30
97wwns5hl6mb5c10lk25vv6ymm0fnncn	.eJxVjMEOwiAQRP-FsyFIuoX16N1vIAu7laqBpLSnxn9Xkh70Npn3ZnYVaFtz2JosYWZ1UVadfrtI6SmlA35QuVedalmXOequ6IM2fassr-vh_h1kavm7RgcWKCYnJFZEMAF7jGjQTx7OYqIZebAwOm8mb1jQSc-DYYI0RPX-APDJN_I:1vyMOf:7lJ1U6q3idV8iIhNZn8StPQW3Co_gwjiPD-MpdkuPo8	2026-03-20 09:32:41.635061+05:30
ou5r72zs03c11aaxdxrcdk4ao0vu2fj9	.eJxVjDsOwjAQBe_iGlkJXtaGkp4zRPZ-cADZUpxUiLuTSCmgfTPz3maIy5yHpck0jGwu5mgOv1uK9JSyAX7Ecq-WapmnMdlNsTtt9lZZXtfd_TvIseW1Bg_EKoSCPZ3OQYLzJBxJMTiMgM6rdqgCCIAJFDtOHnG1--CRzOcL_4w4KQ:1w5juL:avym8MARd-e015J_X9Vk7WSptxM9fD__QhdXMGhJCro	2026-04-09 18:03:53.99246+05:30
kuf04gfl9upbpsg10lpyptuunsxewpxh	.eJxVjDkOwjAQAP-yNbJsEx9JSZ83WGvvLgkgW8pRIf6OIqWAdmY0b0i4b1PaV17STDCAhcsvy1ieXA9BD6z3pkqr2zJndSTqtKsaG_HrdrZ_gwnXCQaIWUfOjJItk-61CeSwQ-RospdOe2ZhEeN7LsG54LzRVCiI8zGIvcLnCxc5ONE:1w65Eq:d4Cm1Ea66V808TARo_p2YvStaALBfehwFFdJ8Xo0y4o	2026-04-10 16:50:28.73816+05:30
bs9ze9cuzzbjak8egzjqweqrpig6cpqt	.eJxVjDkOwjAQAP-yNbJsEx9JSZ83WGvvLgkgW8pRIf6OIqWAdmY0b0i4b1PaV17STDCAhcsvy1ieXA9BD6z3pkqr2zJndSTqtKsaG_HrdrZ_gwnXCQaIWUfOjJItk-61CeSwQ-RospdOe2ZhEeN7LsG54LzRVCiI8zGIvcLnCxc5ONE:1w6MgJ:YlrASkhwI6btIq4XVcvu7UiyE8Ok7tFgutsazx3hCGU	2026-04-11 11:27:59.827963+05:30
6nq9lb32ygx084nwbxbz04pmg9ym3gzj	.eJxVjDsOwyAQBe9CHSGWtYFNmd5nQHyDkwgkY1dR7h4huUjaNzPvzaw79mKPnja7RnZlwC6_m3fhmeoA8eHqvfHQ6r6tng-Fn7TzpcX0up3u30FxvYwaE2ovQAgvwQjwSFJJ5QgoG8oSszR-0jPqWQNhBpWSUMEJo02kidjnC6xoNl8:1wHEZh:Ak1H1S0XZgCvTgVKtMY1TITiN1FlpWYwb1Apg63uEI4	2026-04-27 11:17:05.080296+05:30
1zeckswr7aukevgvbhi5s8azlovg6vd3	.eJxVjDkOwjAQAP-yNbJsEx9JSZ83WGvvLgkgW8pRIf6OIqWAdmY0b0i4b1PaV17STDCAhcsvy1ieXA9BD6z3pkqr2zJndSTqtKsaG_HrdrZ_gwnXCQaIWUfOjJItk-61CeSwQ-RospdOe2ZhEeN7LsG54LzRVCiI8zGIvcLnCxc5ONE:1w7AWf:5O6bHhvIqHmHUtDpp9-Q7_9RQ0WhWBcM65shZE1P-n4	2026-04-13 16:41:21.395084+05:30
2mo54zs0oyjjzsmgkxedn32a0qnusg48	.eJxVjDkOwjAQAP-yNbJsEx9JSZ83WGvvLgkgW8pRIf6OIqWAdmY0b0i4b1PaV17STDCAhcsvy1ieXA9BD6z3pkqr2zJndSTqtKsaG_HrdrZ_gwnXCQaIWUfOjJItk-61CeSwQ-RospdOe2ZhEeN7LsG54LzRVCiI8zGIvcLnCxc5ONE:1wGbVK:oSXLbbQOIClpwp6TcHTGc_j9wYD8iRspKCEEEAEkrBA	2026-04-25 17:33:58.445642+05:30
gdmey6hdzpmn3678o9u0alu0sl9k1rs2	.eJxVjDkOwjAQAP-yNbJsEx9JSZ83WGvvLgkgW8pRIf6OIqWAdmY0b0i4b1PaV17STDCAhcsvy1ieXA9BD6z3pkqr2zJndSTqtKsaG_HrdrZ_gwnXCQaIWUfOjJItk-61CeSwQ-RospdOe2ZhEeN7LsG54LzRVCiI8zGIvcLnCxc5ONE:1wHDqC:r4YikIc-iHPsmax0qxcU50U6c9hfCurQefH3OdDS_Es	2026-04-27 10:30:04.663668+05:30
mfsqk0cm6hp6v6j5vrnhdkqvaptpet5g	.eJxVjDkOwjAQAP-yNbJsEx9JSZ83WGvvLgkgW8pRIf6OIqWAdmY0b0i4b1PaV17STDCAhcsvy1ieXA9BD6z3pkqr2zJndSTqtKsaG_HrdrZ_gwnXCQaIWUfOjJItk-61CeSwQ-RospdOe2ZhEeN7LsG54LzRVCiI8zGIvcLnCxc5ONE:1w7UzC:5DO5XVFLjO5DTzu-L4CK_jN9h2eVM_Nuy1XruhfArgA	2026-04-14 14:32:10.629078+05:30
evagazxc2obz1fvkgad35akcqimalpes	.eJxVjDsOwyAQBe9CHSGWtYFNmd5nQHyDkwgkY1dR7h4huUjaNzPvzaw79mKPnja7RnZlwC6_m3fhmeoA8eHqvfHQ6r6tng-Fn7TzpcX0up3u30FxvYwaE2ovQAgvwQjwSFJJ5QgoG8oSszR-0jPqWQNhBpWSUMEJo02kidjnC6xoNl8:1wHEjw:TiaiePxHoLDlw6mPVeAnZCJRqKUrq2bCuR_tQDdeeYU	2026-04-27 11:27:40.378815+05:30
uahp4762wqbjk2x03v4d79cq2ug18l3l	.eJxVjDkOwjAQAP-yNbJsEx9JSZ83WGvvLgkgW8pRIf6OIqWAdmY0b0i4b1PaV17STDCAhcsvy1ieXA9BD6z3pkqr2zJndSTqtKsaG_HrdrZ_gwnXCQaIWUfOjJItk-61CeSwQ-RospdOe2ZhEeN7LsG54LzRVCiI8zGIvcLnCxc5ONE:1wDhYS:pNje-WteVMknosbeohdzjiOrIq13X3N4qW8Lhap9yZY	2026-04-17 17:25:12.292655+05:30
08cpwgjrj4xqtbi4jhuc2rf3lf7i2i90	.eJxVjDkOwjAQAP-yNbJsEx9JSZ83WGvvLgkgW8pRIf6OIqWAdmY0b0i4b1PaV17STDCAhcsvy1ieXA9BD6z3pkqr2zJndSTqtKsaG_HrdrZ_gwnXCQaIWUfOjJItk-61CeSwQ-RospdOe2ZhEeN7LsG54LzRVCiI8zGIvcLnCxc5ONE:1wGDK0:w6giSfOp1WhfWpIit2sMy70vBJTWThJAe7GDPrvxAWA	2026-04-24 15:44:40.268727+05:30
t439ptydpw6n9sj55n149q6348qt3mbd	.eJxVjDkOwjAQAP-yNbJsEx9JSZ83WGvvLgkgW8pRIf6OIqWAdmY0b0i4b1PaV17STDCAhcsvy1ieXA9BD6z3pkqr2zJndSTqtKsaG_HrdrZ_gwnXCQaIWUfOjJItk-61CeSwQ-RospdOe2ZhEeN7LsG54LzRVCiI8zGIvcLnCxc5ONE:1wGCjb:atL2oNyXQqYTUSo9_332Qq_VL-sGXOsIqBk0cNTSi_0	2026-04-24 15:07:03.628495+05:30
tj32fs3cxcp29nokfvdfxmmcaf67xwpl	.eJxVjDsOwyAQBe9CHSGWtYFNmd5nQHyDkwgkY1dR7h4huUjaNzPvzaw79mKPnja7RnZlwC6_m3fhmeoA8eHqvfHQ6r6tng-Fn7TzpcX0up3u30FxvYwaE2ovQAgvwQjwSFJJ5QgoG8oSszR-0jPqWQNhBpWSUMEJo02kidjnC6xoNl8:1wGXgi:trv1kZU29iH68R0262dXPUrq3R8tEiBCbNOqPYkUI0Y	2026-04-25 13:29:28.940249+05:30
sajulbf9pv3inwpu0x20xxscqhakyu81	e30:1wGXxk:JDKTW8_4vdbNSAPUnuOM9LPtsljf8ZjFi8Z9Mqzjfng	2026-04-25 13:47:04.383635+05:30
3qlw77z8z2lssulfzfr1p9wmhm8hfz75	.eJxVjDkOwjAQAP-yNbJsEx9JSZ83WGvvLgkgW8pRIf6OIqWAdmY0b0i4b1PaV17STDCAhcsvy1ieXA9BD6z3pkqr2zJndSTqtKsaG_HrdrZ_gwnXCQaIWUfOjJItk-61CeSwQ-RospdOe2ZhEeN7LsG54LzRVCiI8zGIvcLnCxc5ONE:1wHFVz:BKCtHnhV8KnIuBN05wOMDqNczwuJmUSt6h952Abyc_I	2026-04-27 12:17:19.574079+05:30
s0ys4jqpklmsefx1tackxecr2vs8vzdv	.eJxVjDkOwjAQAP-yNbJsEx9JSZ83WGvvLgkgW8pRIf6OIqWAdmY0b0i4b1PaV17STDCAhcsvy1ieXA9BD6z3pkqr2zJndSTqtKsaG_HrdrZ_gwnXCQaIWUfOjJItk-61CeSwQ-RospdOe2ZhEeN7LsG54LzRVCiI8zGIvcLnCxc5ONE:1wFlyP:HfHvwTCjaN-KZLT31uwHpATpdY44ma3vkj0cMVyJz78	2026-04-23 10:32:33.913278+05:30
hvoezs1og1bsb9y8bht7r1dek0t0qw07	.eJxVjDkOwjAQAP-yNbJsEx9JSZ83WGvvLgkgW8pRIf6OIqWAdmY0b0i4b1PaV17STDCAhcsvy1ieXA9BD6z3pkqr2zJndSTqtKsaG_HrdrZ_gwnXCQaIWUfOjJItk-61CeSwQ-RospdOe2ZhEeN7LsG54LzRVCiI8zGIvcLnCxc5ONE:1wFp5J:78OTwiUFbnWV8igvm2Mzm25t-gCKDAphCa50fGdlG2Q	2026-04-23 13:51:53.641513+05:30
rxbvc30cq06mtcj3s0czddozupyzwubo	.eJxVjDkOwjAQAP-yNbJsEx9JSZ83WGvvLgkgW8pRIf6OIqWAdmY0b0i4b1PaV17STDCAhcsvy1ieXA9BD6z3pkqr2zJndSTqtKsaG_HrdrZ_gwnXCQaIWUfOjJItk-61CeSwQ-RospdOe2ZhEeN7LsG54LzRVCiI8zGIvcLnCxc5ONE:1wGBYP:E4IFyKoXQtCD-PINd_15jTQMEz3E7ayEMIMRBIIIOpM	2026-04-24 13:51:25.191792+05:30
5fhm871akq0ju718h89azyianrnvmlyr	.eJxVjDkOwjAQAP-yNbJsEx9JSZ83WGvvLgkgW8pRIf6OIqWAdmY0b0i4b1PaV17STDCAhcsvy1ieXA9BD6z3pkqr2zJndSTqtKsaG_HrdrZ_gwnXCQaIWUfOjJItk-61CeSwQ-RospdOe2ZhEeN7LsG54LzRVCiI8zGIvcLnCxc5ONE:1wIKKb:1McO25XUcMDn6Th552ST6dcnVe3nWT7XEi-lyTrQLRc	2026-04-30 11:38:01.240127+05:30
gfjwxj4o0eu7q5au70p1jfoen2cwjl5t	.eJxVjDsOwyAQBe9CHSGWtYFNmd5nQHyDkwgkY1dR7h4huUjaNzPvzaw79mKPnja7RnZlwC6_m3fhmeoA8eHqvfHQ6r6tng-Fn7TzpcX0up3u30FxvYwaE2ovQAgvwQjwSFJJ5QgoG8oSszR-0jPqWQNhBpWSUMEJo02kidjnC6xoNl8:1wJpgd:-1yRztxWoPlflRUadzYqjNJo0kGn9hVyhxvnhvIJiGw	2026-05-04 15:18:59.522138+05:30
xoa36hocdpyjqhfjmvmsbbj6bdfqvqdx	.eJxVjDkOwjAQAP-yNbJsEx9JSZ83WGvvLgkgW8pRIf6OIqWAdmY0b0i4b1PaV17STDCAhcsvy1ieXA9BD6z3pkqr2zJndSTqtKsaG_HrdrZ_gwnXCQaIWUfOjJItk-61CeSwQ-RospdOe2ZhEeN7LsG54LzRVCiI8zGIvcLnCxc5ONE:1wKBnP:ojR_Xh5rez_u4Vv_si95HSmOuk8vRF56m6ArouDKZk0	2026-05-05 14:55:27.318355+05:30
a4al8rybs29ohms1ayz943t9t9wgzbtm	.eJxVjLsOgzAMAP_FcxXlUcfA2J1vQLHjFNoKJAJT1X-vkBja9e50bxjSvo3DXnUdpgwdOITLL-QkT50Pkx9pvi9GlnlbJzZHYk5bTb9kfd3O9m8wpjpCBxYZQ3Ys1GqKrfMleylXDM4WaTVisByJpEkiyh4j2ZgbF8gTBnYKny8KSjfT:1wJpac:XUomhs3DvGeceWodVQ24JmSvSAqyGoFjUctB79LYCtQ	2026-05-04 15:12:46.975134+05:30
d4yzd91ljmbjnj7ucitxeppimxfejess	.eJxVjDkOwjAQAP-yNbJsEx9JSZ83WGvvLgkgW8pRIf6OIqWAdmY0b0i4b1PaV17STDCAhcsvy1ieXA9BD6z3pkqr2zJndSTqtKsaG_HrdrZ_gwnXCQaIWUfOjJItk-61CeSwQ-RospdOe2ZhEeN7LsG54LzRVCiI8zGIvcLnCxc5ONE:1wHG5m:1CSvakCssh4FKJkdhWRt6x2pI8CAYig1vX9M5sPijjs	2026-04-27 12:54:18.473812+05:30
3is6p0l0wb2zwybq17fy9845mbxepvaj	.eJxVjDkOwjAQAP-yNbJsEx9JSZ83WGvvLgkgW8pRIf6OIqWAdmY0b0i4b1PaV17STDCAhcsvy1ieXA9BD6z3pkqr2zJndSTqtKsaG_HrdrZ_gwnXCQaIWUfOjJItk-61CeSwQ-RospdOe2ZhEeN7LsG54LzRVCiI8zGIvcLnCxc5ONE:1wKUaM:4U83nVmWVHHkenjC0KLvrG-pXqhyTjZb7rXMES91ncQ	2026-05-06 10:59:14.980062+05:30
0ub8w8fq658z7zmbbhb6jpd24mhajfds	.eJxVjDkOwjAQAP-yNbJsEx9JSZ83WGvvLgkgW8pRIf6OIqWAdmY0b0i4b1PaV17STDCAhcsvy1ieXA9BD6z3pkqr2zJndSTqtKsaG_HrdrZ_gwnXCQaIWUfOjJItk-61CeSwQ-RospdOe2ZhEeN7LsG54LzRVCiI8zGIvcLnCxc5ONE:1wI0pT:fSneCY1e0cB5bNJ5JYKc0k7uTprueadeZp-xX2Lluhc	2026-04-29 14:48:35.673996+05:30
amgmhuyq4z92nsgf05v3yz2cy2m9zfhw	.eJxVjEEOwiAQRe_C2pCZCgVcuu8ZyMwAUjVtUtqV8e7apAvd_vfef6lI21rj1vISx6QuqjPq9DsyySNPO0l3mm6zlnlal5H1ruiDNj3MKT-vh_t3UKnVb40WeiMZgUJvk3UuAEKXUybGUDygSAhgBLiks2cyDl1g58mKQS6g3h_xZDfJ:1wLJp8:7FrZ2KiYaYRS6Rw7MZKkpKeuQ6kD-W9f3Yf86iFShrg	2026-05-08 17:41:54.122363+05:30
hs00rudpieufhljxxpyuh9xdli9u6ejj	.eJxVjEEOwiAQRe_C2hCgdKAu3XsGMsCMVA0kpV0Z765NutDtf-_9lwi4rSVsnZYwZ3EWRpx-t4jpQXUH-Y711mRqdV3mKHdFHrTLa8v0vBzu30HBXr71gKDZescQiaYxG7Yqpklh8t6T9gMP4BgTjEZnBNLGWUeoNSuIiEa8P-_LODA:1wLaJ0:H5wp55btSKI6ukM78M6ACCsG8l18CX8q_JrAmIG-Ld0	2026-05-09 11:17:50.279323+05:30
dntpmisq6xpj7upm3vs3b2l3kn6nd6au	.eJxVjEEOwiAQRe_C2hCgdKAu3XsGMsCMVA0kpV0Z765NutDtf-_9lwi4rSVsnZYwZ3EWRpx-t4jpQXUH-Y711mRqdV3mKHdFHrTLa8v0vBzu30HBXr71gKDZescQiaYxG7Yqpklh8t6T9gMP4BgTjEZnBNLGWUeoNSuIiEa8P-_LODA:1wLJF4:vmVMJcWi5dtRGTU_niW6gH2H4nOLTB536utU5hysEYw	2026-05-08 17:04:38.556949+05:30
gzkme4yrjevduu1kiatecna26rgqlcf9	.eJxVjDsOwjAQBe_iGln-4B8lfc5gre1dHEC2FCcV4u4QKQW0b2bei0XY1hq3gUucC7swZdjpd0yQH9h2Uu7Qbp3n3tZlTnxX-EEHn3rB5_Vw_w4qjPqtHaBXQqpsrUxJnl0ygcgIS4GMxmKyD-ic1QTgbcpEDr0XSgUlUDvB3h8IZjfw:1wMemp:IEeSCukJ_op4lDLcEoSbvOzMrTtFMkyjmNxHymRvCyI	2026-05-12 10:17:03.953331+05:30
6tqj82sgp67g1g21tjzenup8i8g0meqd	.eJxVjEsOwiAUAO_y1oYADxC6dN8zEB4fqRpISrsy3t006UK3M5N5gw_7Vv0-8uqXBBNIB5dfSCE-cztMeoR27yz2tq0LsSNhpx1s7im_bmf7N6hhVJiAx6RQB00RJRUSmUunFGosyRBGrq3IShbEq0UUVoiirSncGq6dUTLA5wv5gTbd:1wN5lI:yj8vuRHsoy5haFM1SZ9Sp060Hfo3mO3SK9biYNZN8AQ	2026-05-13 15:05:16.921577+05:30
\.


--
-- TOC entry 5473 (class 0 OID 54030)
-- Dependencies: 258
-- Data for Name: inventory_address; Type: TABLE DATA; Schema: public; Owner: postgres
--

COPY public.inventory_address (id, address_type, attention, address_line1, address_line2, city, state, zip_code, country, phone, customer_id, created_at, is_default, updated_at) FROM stdin;
1	billing		UK		London	London	411890	United Kingdom	8987689987	2	2026-03-27 13:21:26.429243+05:30	f	2026-03-27 13:21:26.45169+05:30
2	billing	MR	UK	UK	UK	UK	545645	India	4574756756	3	2026-03-30 16:42:23.164761+05:30	f	2026-03-30 16:42:23.225884+05:30
\.


--
-- TOC entry 5475 (class 0 OID 54050)
-- Dependencies: 260
-- Data for Name: inventory_category; Type: TABLE DATA; Schema: public; Owner: postgres
--

COPY public.inventory_category (id, name, company_id) FROM stdin;
4	Medicine	1
5	Clothing	1
6	General	1
7	Electronics	1
8	electronics	13
9	moto	16
10	Mobile	22
\.


--
-- TOC entry 5477 (class 0 OID 54057)
-- Dependencies: 262
-- Data for Name: inventory_contactperson; Type: TABLE DATA; Schema: public; Owner: postgres
--

COPY public.inventory_contactperson (id, salutation, first_name, last_name, email, phone, designation, is_primary, customer_id, created_at) FROM stdin;
1	Mr	Tyrion		tyrion@got.com	8987789977		f	2	2026-03-27 13:21:26.431437+05:30
2	Mr	temp	temp	bhogejayesh69@gmail.com	5647567567	CEO And director	f	3	2026-03-30 16:42:23.16622+05:30
\.


--
-- TOC entry 5479 (class 0 OID 54073)
-- Dependencies: 264
-- Data for Name: inventory_customer; Type: TABLE DATA; Schema: public; Owner: postgres
--

COPY public.inventory_customer (id, contact_name, company_name, customer_type, email, phone, website, currency, payment_terms, credit_limit, gst_number, place_of_supply, notes, created_at, company_id) FROM stdin;
1	Priyanka Patil	soppvt	business	patilpriyanka47011@gmail.com	1234567890	\N	INR	online	3456.00	27AAAAA0000A9Z5	Pune		2026-03-04 16:39:45.834073+05:30	\N
2	Tyrion Lannister	GOT	individual	tyrion@got.com	7654321890	http://www.got.com	EUR	CARD	10000.00	33ARTYU5678U9Z7	Pune		2026-03-27 13:21:26.444601+05:30	1
3	temp	Tancent	business	temp@gmail.com	5645678909	https://www.wwe.com	INR	CARD	10000000.00	24AAACI1681G1ZV	UK		2026-03-30 16:42:23.183556+05:30	1
\.


--
-- TOC entry 5481 (class 0 OID 54084)
-- Dependencies: 266
-- Data for Name: inventory_inventoryalert; Type: TABLE DATA; Schema: public; Owner: postgres
--

COPY public.inventory_inventoryalert (id, alert_type, severity, message, is_read, created_at, batch_id, company_id, product_id) FROM stdin;
1	OUT_OF_STOCK	HIGH	Paneer (200g) is out of stock.	t	2026-01-21 13:17:45.642316+05:30	\N	1	19
4	OUT_OF_STOCK	HIGH	A4 size Notebook is out of stock.	t	2026-01-21 13:17:45.672548+05:30	\N	1	5
5	OUT_OF_STOCK	HIGH	Scale is out of stock.	t	2026-01-21 13:17:45.674563+05:30	\N	1	6
6	OUT_OF_STOCK	HIGH	Paracetamol is out of stock.	t	2026-01-21 13:17:45.678765+05:30	\N	1	16
7	OUT_OF_STOCK	HIGH	Pencils is out of stock.	t	2026-01-21 13:17:45.683851+05:30	\N	1	17
8	OUT_OF_STOCK	HIGH	Syrup is out of stock.	t	2026-01-21 13:17:45.688723+05:30	\N	1	9
9	OUT_OF_STOCK	HIGH	Milk Packet is out of stock.	t	2026-01-21 13:17:45.69317+05:30	\N	1	18
10	NEAR_EXPIRY	MEDIUM	Batch BATCH-1 of Cadbury is near expiry (Exp: 2026-01-30).	t	2026-01-21 13:17:45.69698+05:30	8	1	\N
11	NEAR_EXPIRY	MEDIUM	Batch BATCH-MED-A1 of Medicine A is near expiry (Exp: 2026-02-01).	t	2026-01-21 13:17:45.700024+05:30	19	1	\N
12	NEAR_EXPIRY	MEDIUM	Batch BATCH-CHEESE2 of Cheese is near expiry (Exp: 2026-02-20).	t	2026-01-21 13:17:45.703577+05:30	24	1	\N
13	OUT_OF_STOCK	HIGH	Protein-MB is out of stock.	t	2026-01-21 13:29:56.039544+05:30	\N	1	21
14	NEAR_EXPIRY	MEDIUM	Batch BATCH-Nitro1 of Protein-Nitro is near expiry (Exp: 2026-02-21).	t	2026-01-22 10:25:31.137031+05:30	25	1	\N
15	NEAR_EXPIRY	MEDIUM	Batch BATCH-MB1 of Protein-MB is near expiry (Exp: 2026-02-21).	t	2026-01-22 10:25:31.150332+05:30	26	1	\N
16	NEAR_EXPIRY	MEDIUM	Batch BATCH-RY of Paracetamol is near expiry (Exp: 2026-01-29).	t	2026-01-22 15:24:46.767842+05:30	28	1	\N
17	NEAR_EXPIRY	MEDIUM	Batch BATCH-TY of Cheese is near expiry (Exp: 2026-01-29).	t	2026-01-22 15:32:05.228984+05:30	29	1	\N
18	NEAR_EXPIRY	MEDIUM	Batch BATCH-781231 of Protein-MB is near expiry (Exp: 2026-01-23).	t	2026-01-23 15:05:31.971777+05:30	31	1	\N
19	NEAR_EXPIRY	MEDIUM	Batch HJIOP of Protein-Nitro is near expiry (Exp: 2026-01-24).	t	2026-01-24 10:13:03.117896+05:30	32	1	\N
20	NEAR_EXPIRY	MEDIUM	Batch Batch-1 of Protein-MB is near expiry (Exp: 2026-02-27).	t	2026-01-29 10:04:22.247459+05:30	33	1	\N
21	NEAR_EXPIRY	MEDIUM	Batch Batch-iop of Pencils is near expiry (Exp: 2026-01-29).	t	2026-01-29 10:04:22.260441+05:30	34	1	\N
22	LOW_STOCK	MEDIUM	Milk Packet is low on stock (5 units left).	t	2026-01-29 11:32:03.703509+05:30	\N	1	18
23	NEAR_EXPIRY	MEDIUM	Batch Batch-134 of Milk Packet is near expiry (Exp: 2026-02-28).	t	2026-01-29 11:32:03.720294+05:30	35	1	\N
24	OUT_OF_STOCK	HIGH	Cadbury is out of stock.	f	2026-01-31 16:15:18.895146+05:30	\N	1	13
25	OUT_OF_STOCK	HIGH	Example is out of stock.	f	2026-01-31 16:15:18.935622+05:30	\N	1	23
26	OUT_OF_STOCK	HIGH	Medicine A is out of stock.	f	2026-03-06 16:52:30.998119+05:30	\N	1	8
27	OUT_OF_STOCK	HIGH	Protein-Nitro is out of stock.	f	2026-03-06 16:52:31.061245+05:30	\N	1	22
28	OUT_OF_STOCK	HIGH	Cheese is out of stock.	f	2026-03-06 16:52:31.087776+05:30	\N	1	20
29	NEAR_EXPIRY	MEDIUM	Batch Batch-145 of Paneer (200g) is near expiry (Exp: 2026-03-28).	f	2026-03-06 16:52:31.110607+05:30	36	1	\N
30	LOW_STOCK	MEDIUM	Medicine A is low on stock (2 units left).	f	2026-03-06 16:53:59.891471+05:30	\N	1	8
31	NEAR_EXPIRY	MEDIUM	Batch Batch-01 of Medicine A is near expiry (Exp: 2026-03-11).	f	2026-03-06 16:53:59.903804+05:30	37	1	\N
32	LOW_STOCK	MEDIUM	sharpner is low on stock (4 units left).	f	2026-03-14 11:35:02.18354+05:30	\N	1	15
36	NEAR_EXPIRY	MEDIUM	Batch BATCH-OLD109 of Protein-MB is near expiry (Exp: 2026-03-31).	f	2026-03-25 13:26:43.061723+05:30	40	1	\N
37	LOW_STOCK	MEDIUM	Bottle is low on stock (1 units left).	f	2026-03-26 13:15:51.929681+05:30	\N	1	25
38	LOW_STOCK	MEDIUM	Laptop is low on stock (2 units left).	f	2026-03-26 13:24:10.646775+05:30	\N	1	26
39	LOW_STOCK	MEDIUM	Mobile is low on stock (2 units left).	f	2026-03-26 13:29:17.352482+05:30	\N	1	27
40	OUT_OF_STOCK	HIGH	sharpner is out of stock.	f	2026-03-27 16:52:29.431425+05:30	\N	1	15
42	LOW_STOCK	MEDIUM	iphone 18 pro max is low on stock (1 units left).	f	2026-03-28 09:49:50.675377+05:30	\N	1	29
43	LOW_STOCK	MEDIUM	moto is low on stock (1 units left).	f	2026-03-31 11:25:02.52218+05:30	\N	1	30
45	LOW_STOCK	MEDIUM	motorola is low on stock (5 units left).	f	2026-03-31 14:33:02.23496+05:30	\N	1	31
41	LOW_STOCK	MEDIUM	iphone 14 pro is low on stock (1 units left).	t	2026-03-28 09:48:33.810872+05:30	\N	1	28
46	OUT_OF_STOCK	HIGH	mac is out of stock.	f	2026-04-17 17:07:26.218231+05:30	\N	1	32
47	NEAR_EXPIRY	MEDIUM	Batch newww22222 of Paracetamol is near expiry (Exp: 2026-04-21).	f	2026-04-17 17:07:26.223817+05:30	49	1	\N
48	OUT_OF_STOCK	HIGH	uuuuuuuuuuukkkkkkkkkkkkkkkkkkkkkkkkkkkkkkkkkkkkkkk is out of stock.	f	2026-04-24 14:46:10.882506+05:30	\N	1	33
49	OUT_OF_STOCK	HIGH	headphone wireless is out of stock.	f	2026-04-24 14:48:12.775315+05:30	\N	1	34
50	OUT_OF_STOCK	HIGH	vivo is out of stock.	f	2026-04-24 14:50:58.697599+05:30	\N	1	35
44	LOW_STOCK	MEDIUM	Protein-MB is low on stock (2 units left).	t	2026-03-31 14:31:12.325489+05:30	\N	1	21
51	OUT_OF_STOCK	HIGH	wellCore Creatine is out of stock.	t	2026-04-24 15:21:30.013057+05:30	\N	1	36
52	OUT_OF_STOCK	HIGH	mobileSam is out of stock.	f	2026-04-25 12:59:31.842668+05:30	\N	1	37
53	OUT_OF_STOCK	HIGH	moto123 is out of stock.	f	2026-05-05 15:19:03.157167+05:30	\N	16	38
54	OUT_OF_STOCK	HIGH	headphone is out of stock.	f	2026-05-08 16:48:26.443884+05:30	\N	1	39
55	OUT_OF_STOCK	HIGH	17 pro is out of stock.	f	2026-05-08 17:25:24.085576+05:30	\N	22	40
\.


--
-- TOC entry 5483 (class 0 OID 54097)
-- Dependencies: 268
-- Data for Name: inventory_product; Type: TABLE DATA; Schema: public; Owner: postgres
--

COPY public.inventory_product (id, name, sku, purchase_price, selling_price, is_expiry_tracked, stock_quantity, created_at, category_id, company_id, low_stock_limit, product_company, abc_class) FROM stdin;
38	moto123	NB-A4-22021	50000.00	700000.00	f	0	2026-05-05 15:19:03.145919+05:30	9	16	5	moto	\N
40	17 pro	HDJD78I878	140000.00	140000.00	f	4	2026-05-08 17:25:24.076892+05:30	10	22	5	ABC	\N
21	Protein-MB	HDJD7889	50000.00	4200.00	t	50	2026-01-21 13:27:25.785366+05:30	\N	1	5	MB	A
28	iphone 14 pro	FT-SAFE-BLK-92	400000.00	600000.00	f	3	2026-03-28 09:48:33.691526+05:30	7	1	5	iphone	B
30	moto	HDJD78I875	400000.00	500000.00	f	1	2026-03-31 11:25:02.45547+05:30	7	1	5	moto	B
29	iphone 18 pro max	FT-SAFE-BLK-91	150000.00	170000.00	f	1	2026-03-28 09:49:50.530546+05:30	7	1	5	iphone	B
36	wellCore Creatine	FT-SAFE-BLK-10	760.00	750.00	t	180	2026-04-24 15:21:29.945453+05:30	4	1	5	Wellcore	C
31	motorola	HDJD78I8777	59000.00	6000000.00	f	2	2026-03-31 14:33:02.172919+05:30	7	1	5	moto	C
26	Laptop	HDJD7867	50000.00	52000.00	f	2	2026-03-26 13:24:10.59879+05:30	7	1	5	ABC	C
39	headphone	JASNKJ	1000.00	500.00	f	100	2026-05-08 16:48:26.357346+05:30	7	1	5	boat	C
27	Mobile	HDJD78KOP89	25000.00	29000.00	f	2	2026-03-26 13:29:17.287571+05:30	7	1	5	ABC	C
17	Pencils	HDJD78KOPIO	5.00	8.00	f	180	2026-01-14 11:39:38.018165+05:30	\N	1	5	\N	C
25	Bottle	HDJD78I890	10.00	15.00	f	1	2026-03-26 13:15:51.857808+05:30	6	1	5	nataraj	C
16	Paracetamol	HDJD78KOPUY	55.00	2.00	t	0	2026-01-13 11:39:58.781094+05:30	4	1	5	ABC	C
22	Protein-Nitro	HDJD78I87	4500.00	4500.00	t	0	2026-01-21 13:28:14.520348+05:30	\N	1	5	Nitro	C
18	Milk Packet	HDJD78IOO	10.00	30.00	t	0	2026-01-14 11:42:44.856571+05:30	\N	1	5	ABC	C
33	uuuuuuuuuuukkkkkkkkkkkkkkkkkkkkkkkkkkkkkkkkkkkkkkk	FT-SAFE-BLK-999	22222.00	2344.00	f	0	2026-04-24 14:46:10.828497+05:30	5	1	5	samsung	C
34	headphone wireless	FT-SAFE-BLK-93	800.00	100.00	f	0	2026-04-24 14:48:12.72483+05:30	7	1	5	samsung	C
20	Cheese	HJGIUP	60.00	15.00	t	0	2026-01-20 16:32:06.140401+05:30	\N	1	5	Amul	C
35	vivo	SSUS-547773	566.00	599.98	f	0	2026-04-24 14:50:58.635051+05:30	7	1	5	iphone	C
8	Medicine A	YUO67PL	20.00	70.00	t	0	2026-01-09 09:59:03.622571+05:30	4	1	5	ABC	C
9	Syrup	HDJ23	10.00	27.00	t	0	2026-01-10 10:06:30.506665+05:30	4	1	5	ABC	C
5	A4 size Notebook	NB-A4-2202	20.00	30.00	f	0	2026-01-07 12:01:16.23386+05:30	\N	1	5	\N	C
6	Scale	YUO67PHJ	5.00	15.00	f	0	2026-01-07 17:01:14.063982+05:30	\N	1	5	ABC	C
23	Example	HDJ	2.00	3.00	f	0	2026-01-29 16:32:31.294578+05:30	\N	1	5	nataraj	C
13	Cadbury	HDJD78KOP	10.00	10.00	t	0	2026-01-10 12:45:32.996449+05:30	\N	1	5	BGMI	C
15	sharpner	HDJD78I	3.00	3.00	f	0	2026-01-12 11:03:36.14673+05:30	\N	1	5	nataraj	C
19	Paneer (200g)	YUO67POP	20.00	12.00	t	0	2026-01-15 11:00:11.197761+05:30	\N	1	5	BGMI	C
37	mobileSam	FT-SAFE-BLK-67	400000.00	5000000.00	f	0	2026-04-25 12:59:31.756208+05:30	7	1	5	samsung	C
32	mac	HDJD78I87555	4555.00	34535345.00	f	0	2026-04-17 17:07:26.149806+05:30	7	1	5	Iphone	C
\.


--
-- TOC entry 5485 (class 0 OID 54111)
-- Dependencies: 270
-- Data for Name: inventory_productbatch; Type: TABLE DATA; Schema: public; Owner: postgres
--

COPY public.inventory_productbatch (id, batch_number, expiry_date, quantity, created_at, company_id, product_id, is_active) FROM stdin;
3	BATCH-OLD	2026-01-11	0	2026-01-09 10:06:47.097129+05:30	1	8	t
33	Batch-1	2026-02-27	25	2026-01-27 15:39:58.530401+05:30	1	21	t
7	BATCH-B1	2026-01-14	0	2026-01-10 10:08:52.517121+05:30	1	9	t
6	Batch-B2	2026-02-01	0	2026-01-10 10:08:39.081293+05:30	1	9	t
8	BATCH-1	2026-01-30	30	2026-01-10 12:46:40.445714+05:30	1	13	t
10	\N	\N	5	2026-01-10 13:12:40.361081+05:30	1	5	t
11	\N	\N	10	2026-01-10 13:14:05.309105+05:30	1	6	t
34	Batch-iop	2026-01-29	10	2026-01-29 10:04:22.0551+05:30	1	17	t
13	BATCH-PARA	2026-01-12	20	2026-01-13 11:41:56.138417+05:30	1	16	t
14	BATCH-OLD	2026-01-13	5	2026-01-14 11:43:43.076674+05:30	1	18	t
35	Batch-134	2026-02-28	5	2026-01-29 11:32:03.625164+05:30	1	18	t
15	BATCH-NEW	2026-01-29	0	2026-01-14 11:47:20.030239+05:30	1	18	t
18	BATCH_SAMPLE	2026-01-18	5	2026-01-16 15:58:03.230493+05:30	1	9	t
16	BATCH-A	2026-01-14	10	2026-01-15 11:01:35.624112+05:30	1	19	t
4	BATCH-NEW	2026-01-30	0	2026-01-09 10:07:48.909744+05:30	1	8	t
29	BATCH-TY	2026-01-29	20	2026-01-22 15:32:05.159798+05:30	1	20	t
5	BATCH-OLD1	2026-01-08	20	2026-01-09 11:18:56.931293+05:30	1	8	t
20	BATCH-4	2026-01-20	0	2026-01-20 10:37:38.824666+05:30	1	5	t
21	BATCH-89	2026-01-20	10	2026-01-20 10:40:09.40353+05:30	1	13	t
26	BATCH-MB1	2026-02-21	95	2026-01-21 13:30:03.928464+05:30	1	21	t
22	BATCH-78	2026-01-20	2	2026-01-20 10:44:17.819765+05:30	1	13	t
19	BATCH-MED-A1	2026-02-01	25	2026-01-19 10:52:57.861334+05:30	1	8	t
23	BATCH-CHEESE1	2026-01-27	0	2026-01-20 16:33:17.266919+05:30	1	20	t
24	BATCH-CHEESE2	2026-02-20	15	2026-01-20 16:35:02.493454+05:30	1	20	t
17	BATCH-B	2026-02-15	0	2026-01-15 11:02:19.973145+05:30	1	19	t
25	BATCH-Nitro1	2026-02-21	100	2026-01-21 13:29:56.007611+05:30	1	22	t
28	BATCH-RY	2026-01-29	100	2026-01-22 15:24:46.694185+05:30	1	16	t
31	BATCH-781231	2026-01-23	10	2026-01-23 15:05:31.887555+05:30	1	21	t
32	HJIOP	2026-01-24	10	2026-01-24 10:13:03.014299+05:30	1	22	t
37	Batch-01	2026-03-11	2	2026-03-06 16:53:59.781599+05:30	1	8	t
38	BATCH-RYPOI	2099-12-31	0	2026-03-17 12:17:45.907803+05:30	1	5	t
27	NO-BATCH	2099-12-31	180	2026-01-22 15:17:29.390822+05:30	1	17	t
12	NO-BATCH	2099-12-31	0	2026-01-12 11:04:47.236637+05:30	1	15	t
41	INITIAL-STOCK	2099-12-31	1	2026-03-26 13:15:51.867831+05:30	1	25	t
42	INITIAL-STOCK	2099-12-31	2	2026-03-26 13:24:10.602377+05:30	1	26	t
43	INITIAL-STOCK	2099-12-31	2	2026-03-26 13:29:17.292882+05:30	1	27	t
44	MANUAL-EDIT	2099-12-31	0	2026-03-26 13:56:31.703472+05:30	1	26	t
36	Batch-145	2026-03-28	170	2026-01-29 11:33:32.512263+05:30	1	19	t
39	Batch-127	2099-12-31	0	2026-03-17 12:19:37.184308+05:30	1	15	t
46	INITIAL-STOCK	2099-12-31	1	2026-03-28 09:49:50.572388+05:30	1	29	t
47	INITIAL-STOCK	2099-12-31	1	2026-03-31 11:25:02.461742+05:30	1	30	t
40	BATCH-OLD109	2026-03-31	2	2026-03-17 12:22:34.691721+05:30	1	21	t
45	INITIAL-STOCK	2099-12-31	3	2026-03-28 09:48:33.736886+05:30	1	28	t
49	newww22222	2026-04-21	20	2026-04-11 12:34:33.596128+05:30	1	16	t
50	INITIAL-STOCK	\N	1	2026-04-17 17:07:26.162488+05:30	1	32	t
48	INITIAL-STOCK	2099-12-31	2	2026-03-31 14:33:02.174646+05:30	1	31	t
51	newww222265	\N	15	2026-04-24 14:46:50.128993+05:30	1	33	t
52	newww222267	\N	15	2026-04-24 14:48:50.272049+05:30	1	34	t
53	hgffr123	\N	8	2026-04-24 14:51:46.150623+05:30	1	35	t
54	hgffr1233	2026-05-31	0	2026-04-24 15:17:14.617737+05:30	1	20	t
55	hgffr12356	2026-07-23	50	2026-04-24 15:19:41.966568+05:30	1	21	t
56	WellCore-11	2026-07-22	180	2026-04-24 15:23:10.665944+05:30	1	36	t
58	Batch-007	\N	50	2026-05-08 16:49:33.482239+05:30	1	39	t
59	BATCH-OLD15	\N	50	2026-05-08 17:20:16.754395+05:30	1	39	t
60	BATCH-ZX	\N	4	2026-05-08 17:26:14.208654+05:30	22	40	t
57	BATCH1-IP	\N	60	2026-05-05 15:19:54.687438+05:30	16	38	t
\.


--
-- TOC entry 5487 (class 0 OID 54122)
-- Dependencies: 272
-- Data for Name: inventory_purchaseorder; Type: TABLE DATA; Schema: public; Owner: postgres
--

COPY public.inventory_purchaseorder (id, order_number, status, total_amount, created_at, company_id, vendor_id) FROM stdin;
1	PO-1	RECEIVED	100.00	2026-01-02 12:07:35.43033+05:30	1	1
7	PO-7	RECEIVED	400.00	2026-01-08 13:05:51.699718+05:30	1	11
8	PO-8	RECEIVED	400.00	2026-01-08 13:07:28.826878+05:30	1	1
10	PO-10	RECEIVED	700.00	2026-01-09 10:05:57.948299+05:30	1	11
11	PO-11	RECEIVED	1400.00	2026-01-09 10:07:41.694065+05:30	1	11
12	PO-12	RECEIVED	100.00	2026-01-09 11:18:46.832225+05:30	1	12
14	PO-14	RECEIVED	540.00	2026-01-10 10:08:21.23998+05:30	1	11
13	PO-13	RECEIVED	270.00	2026-01-10 10:07:17.911386+05:30	1	11
15	PO-15	RECEIVED	300.00	2026-01-10 12:46:31.821239+05:30	1	11
19	PO-19	RECEIVED	50.00	2026-01-10 13:07:36.508152+05:30	1	11
21	PO-21	RECEIVED	50.00	2026-01-10 13:13:54.061364+05:30	1	1
23	PO-23	RECEIVED	100.00	2026-01-12 10:49:14.842199+05:30	1	11
24	PO-24	RECEIVED	150.00	2026-01-12 11:04:14.114868+05:30	1	1
25	PO-25	RECEIVED	40.00	2026-01-13 11:41:10.22369+05:30	1	1
26	PO-26	RECEIVED	125.00	2026-01-14 11:43:32.430452+05:30	1	1
27	PO-27	RECEIVED	250.00	2026-01-14 11:47:11.371815+05:30	1	1
28	PO-28	RECEIVED	10.00	2026-01-15 11:01:26.912833+05:30	1	1
29	PO-29	RECEIVED	20.00	2026-01-15 11:02:12.754975+05:30	1	12
31	PO-30	RECEIVED	100.00	2026-01-16 15:57:55.369691+05:30	1	1
33	PO-32	RECEIVED	500.00	2026-01-19 10:52:46.989521+05:30	1	12
34	PO-33	RECEIVED	100.00	2026-01-20 16:33:08.737641+05:30	1	11
35	PO-34	RECEIVED	300.00	2026-01-20 16:34:56.971552+05:30	1	11
37	PO-36	RECEIVED	450000.00	2026-01-21 13:29:48.682204+05:30	1	12
36	PO-35	RECEIVED	420000.00	2026-01-21 13:29:06.096379+05:30	1	1
42	PO-42	RECEIVED	500.00	2026-01-22 15:17:21.061775+05:30	1	11
41	\N	RECEIVED	0.00	2026-01-22 14:55:40.145855+05:30	1	11
40	\N	RECEIVED	0.00	2026-01-22 14:54:35.240162+05:30	1	11
39	PO-39	RECEIVED	100.00	2026-01-22 14:53:47.592717+05:30	1	11
43	PO-43	RECEIVED	500.00	2026-01-22 15:31:43.257848+05:30	1	11
38	PO-38	RECEIVED	100.00	2026-01-22 13:31:35.289453+05:30	1	11
2	PO-2	RECEIVED	400.00	2026-01-02 15:15:33.723652+05:30	1	1
3	PO-3	RECEIVED	50.00	2026-01-05 12:35:19.060538+05:30	1	1
20	PO-20	RECEIVED	50.00	2026-01-10 13:13:27.242508+05:30	1	11
45	PO-45	RECEIVED	15000.00	2026-01-27 15:39:50.320385+05:30	1	1
44	PO-44	RECEIVED	10000.00	2026-01-27 15:39:13.20597+05:30	1	1
48	PO-48	RECEIVED	50.00	2026-01-29 11:12:30.6977+05:30	1	11
49	PO-49	RECEIVED	4000.00	2026-01-29 11:33:21.390504+05:30	1	1
50	PO-50	RECEIVED	40.00	2026-03-06 16:53:22.050391+05:30	1	1
51	PO-51	ORDERED	2000.00	2026-03-12 17:28:06.875143+05:30	1	1
57	PO-57	ORDERED	100.00	2026-03-25 13:09:11.91312+05:30	1	1
52	PO-52	PARTIAL	1000.00	2026-03-16 16:08:00.127588+05:30	1	11
32	PO-31	ORDERED	1.00	2026-01-16 16:45:42.600856+05:30	1	1
18	PO-18	ORDERED	50.00	2026-01-10 12:48:12.538998+05:30	1	1
16	PO-16	ORDERED	50.00	2026-01-10 12:47:24.144615+05:30	1	1
53	PO-53	RECEIVED	2000.00	2026-03-17 11:48:32.379852+05:30	1	11
6	PO-6	ORDERED	400.00	2026-01-08 12:20:08.01743+05:30	1	11
22	PO-22	ORDERED	1.00	2026-01-10 16:33:16.588214+05:30	1	11
54	PO-54	PARTIAL	200.00	2026-03-17 12:08:45.028374+05:30	1	11
17	PO-17	ORDERED	50.00	2026-01-10 12:47:40.048064+05:30	1	1
9	PO-9	ORDERED	3500.00	2026-01-09 10:00:13.74845+05:30	1	11
55	PO-55	PARTIAL	30.00	2026-03-17 12:19:18.39102+05:30	1	11
5	PO-5	ORDERED	200.00	2026-01-07 12:19:43.7374+05:30	1	1
4	PO-4	PARTIAL	100.00	2026-01-06 12:35:58.110028+05:30	1	1
58	PO-58	ORDERED	3.00	2026-03-27 12:55:47.626742+05:30	1	11
56	PO-56	RECEIVED	200000.00	2026-03-17 12:22:08.094769+05:30	1	11
59	PO-59	RECEIVED	1100.00	2026-04-11 12:34:22.821942+05:30	1	1
60	PO-60	RECEIVED	333330.00	2026-04-24 14:46:40.56731+05:30	1	1
61	PO-61	RECEIVED	12000.00	2026-04-24 14:48:42.909102+05:30	1	11
62	PO-62	RECEIVED	11320.00	2026-04-24 14:51:36.669758+05:30	1	11
63	PO-63	RECEIVED	1200.00	2026-04-24 15:16:45.196481+05:30	1	11
64	PO-64	RECEIVED	2500000.00	2026-04-24 15:19:24.620833+05:30	1	11
65	PO-65	RECEIVED	152000.00	2026-04-24 15:22:58.990397+05:30	1	11
66	PO-66	RECEIVED	5000000.00	2026-05-05 15:19:33.207605+05:30	16	16
67	PO-67	PARTIAL	100000.00	2026-05-08 16:49:11.144754+05:30	1	11
68	PO-68	PARTIAL	100000.00	2026-05-08 17:20:02.084396+05:30	1	1
69	PO-69	PARTIAL	1260000.00	2026-05-08 17:26:01.252164+05:30	22	17
70	PO-70	ORDERED	999.99	2026-05-09 11:02:34.694088+05:30	1	1
\.


--
-- TOC entry 5489 (class 0 OID 54132)
-- Dependencies: 274
-- Data for Name: inventory_purchaseorderitem; Type: TABLE DATA; Schema: public; Owner: postgres
--

COPY public.inventory_purchaseorderitem (id, quantity, cost_price, product_id, order_id, batch_number, expiry_date, received_quantity) FROM stdin;
5	10	20.00	5	5	OLD-BATCH	2025-12-31	0
10	10	70.00	8	10	BATCH-OLD	2026-01-11	0
11	20	70.00	8	11	BATCH-NEW	2026-01-30	0
12	10	10.00	8	12	BATCH-OLD1	2026-01-08	0
13	10	27.00	9	13	BATCH-B1	2026-01-14	0
14	20	27.00	9	14	Batch-B2	2026-02-01	0
15	30	10.00	13	15	BATCH-1	2026-01-30	0
16	5	10.00	5	19	\N	\N	0
17	10	5.00	6	21	\N	\N	0
18	1	1.00	8	22	BATCH-OLD11	2026-01-10	0
20	50	3.00	15	24	\N	\N	0
21	20	2.00	16	25	BATCH-PARA	2026-01-12	0
22	5	25.00	18	26	BATCH-OLD	2026-01-13	0
23	10	25.00	18	27	BATCH-NEW	2026-01-29	0
24	5	2.00	19	28	BATCH-A	2026-01-14	0
25	10	2.00	19	29	BATCH-B	2026-02-15	0
26	10	10.00	9	31	BATCH_SAMPLE	2026-01-18	0
27	1	1.00	13	32	BATCH-OLD2	2026-01-17	0
28	50	10.00	8	33	BATCH-MED-A1	2026-02-01	0
29	10	10.00	20	34	BATCH-CHEESE1	2026-01-27	0
30	20	15.00	20	35	BATCH-CHEESE2	2026-02-20	0
31	100	4200.00	21	36	BATCH-MB1	2026-02-21	0
32	100	4500.00	22	37	BATCH-Nitro1	2026-02-21	0
33	10	10.00	20	38	BATCH-TY	2026-01-29	0
34	100	1.00	16	39	BATCH-RY	2026-01-29	0
35	100	5.00	17	42	\N	\N	0
36	100	5.00	17	43	\N	\N	0
37	10	1000.00	21	44	Batch-1	2026-01-28	0
38	15	1000.00	21	45	Batch-1	2026-02-27	0
40	5	10.00	18	48	Batch-134	2026-02-28	0
41	200	20.00	19	49	Batch-145	2026-03-28	0
42	2	20.00	8	50	Batch-01	2026-03-11	0
43	200	10.00	19	51	BATCH-RYUI	2026-03-20	0
44	10	100.00	21	52	BATCH-RYO	2026-03-30	5
49	10	10.00	6	57	BATCH-009	\N	0
45	20	100.00	21	53	BATCH-RYOP	2026-03-31	20
46	10	20.00	5	54	BATCH-RYPOI	\N	5
47	10	3.00	15	55	Batch-127	\N	4
50	3	1.00	15	58	BATCH-TYUIOP	\N	0
48	200	1000.00	21	56	BATCH-OLD109	2026-03-31	200
51	20	55.00	16	59	newww22222	2026-04-21	20
52	15	22222.00	33	60	newww222265	\N	15
53	15	800.00	34	61	newww222267	\N	15
54	20	566.00	35	62	hgffr123	\N	20
55	20	60.00	20	63	hgffr1233	2026-05-31	20
56	50	50000.00	21	64	hgffr12356	2026-07-23	50
57	200	760.00	36	65	WellCore-11	2026-07-22	200
58	100	50000.00	38	66	BATCH1-IP	\N	100
59	100	1000.00	39	67	Batch-007	\N	50
60	100	1000.00	39	68	BATCH-OLD15	\N	50
61	9	140000.00	40	69	BATCH-ZX	\N	5
62	1	999.99	39	70	BATCH-OLD109	\N	0
\.


--
-- TOC entry 5491 (class 0 OID 54144)
-- Dependencies: 276
-- Data for Name: inventory_quote; Type: TABLE DATA; Schema: public; Owner: postgres
--

COPY public.inventory_quote (id, quote_number, reference_number, quote_date, expiry_date, salesperson, project_name, subject, subtotal, discount_percent, tax_total, total, customer_notes, terms, attachments, status, created_at, customer_id) FROM stdin;
\.


--
-- TOC entry 5493 (class 0 OID 54160)
-- Dependencies: 278
-- Data for Name: inventory_quoteitem; Type: TABLE DATA; Schema: public; Owner: postgres
--

COPY public.inventory_quoteitem (id, quantity, rate, amount, product_id, quote_id) FROM stdin;
\.


--
-- TOC entry 5495 (class 0 OID 54170)
-- Dependencies: 280
-- Data for Name: inventory_salesorder; Type: TABLE DATA; Schema: public; Owner: postgres
--

COPY public.inventory_salesorder (id, order_number, customer_name, status, total_amount, created_at, company_id) FROM stdin;
2	ORD-2	Jayesh	DELIVERED	50.00	2026-01-02 10:58:07.580365+05:30	1
1	ORD-1	Jayesh	DELIVERED	100.00	2025-12-31 14:27:53.798613+05:30	1
3	ORD-3	John Snow	DELIVERED	1500.00	2026-01-07 12:01:53.585709+05:30	1
4	ORD-4	John Snow	DELIVERED	1400.00	2026-01-09 10:09:45.95456+05:30	1
5	ORD-5	John Snow	DELIVERED	324.00	2026-01-10 10:13:48.110392+05:30	1
6	ORD-6	John Snow	DELIVERED	486.00	2026-01-10 10:27:17.761285+05:30	1
7	ORD-7	John Snow	DELIVERED	150.00	2026-01-14 11:49:07.696673+05:30	1
8	ORD-8	John Snow	DELIVERED	150.00	2026-01-14 12:15:50.98152+05:30	1
9	ORD-9	John Snow	DELIVERED	135.00	2026-01-16 15:58:29.830769+05:30	1
10	ORD-10	John Snow	DELIVERED	2100.00	2026-01-19 10:54:47.77995+05:30	1
11	ORD-11	John Snow	PENDING	60.00	2026-01-19 11:04:50.617411+05:30	1
12	ORD-12	John Snow	DELIVERED	350.00	2026-01-20 15:42:55.373358+05:30	1
13	ORD-13	John Snow	DELIVERED	225.00	2026-01-20 16:36:30.384733+05:30	1
14	ORD-14	John Snow	DELIVERED	21000.00	2026-01-21 13:31:19.188736+05:30	1
15	ORD-15	John Snow	DELIVERED	21000.00	2026-01-21 13:31:33.143555+05:30	1
16	ORD-16	John Snow	DELIVERED	21000.00	2026-01-21 13:31:44.835755+05:30	1
17	ORD-17	John Snow	CANCELLED	21000.00	2026-01-21 16:00:50.775509+05:30	1
18	ORD-18	John Snow	PENDING	3.00	2026-01-21 16:30:41.979958+05:30	1
19	ORD-19	John Snow	DELIVERED	21000.00	2026-01-22 10:25:31.028108+05:30	1
20	ORD-20	John Snow	DELIVERED	12.00	2026-01-22 11:07:40.879819+05:30	1
21	ORD-21	John Snow	DELIVERED	9.00	2026-01-22 11:08:01.596018+05:30	1
22	ORD-22	John Snow	DELIVERED	6.00	2026-01-22 11:08:18.960962+05:30	1
23	ORD-23	John Snow	DELIVERED	15.00	2026-01-22 11:43:09.413544+05:30	1
24	ORD-24	John Snow	DELIVERED	15.00	2026-01-22 11:43:33.390172+05:30	1
25	ORD-25	John Snow	DELIVERED	60.00	2026-01-22 11:46:21.267877+05:30	1
26	ORD-26	John Snow	CANCELLED	80.00	2026-01-27 15:36:14.116235+05:30	1
27	ORD-27	yash	PENDING	9.00	2026-03-06 16:52:30.907311+05:30	1
28	ORD-28	John Snow	PENDING	240.00	2026-03-12 17:27:29.470992+05:30	1
29	ORD-29	John Snow	DELIVERED	9.00	2026-03-14 11:35:02.123507+05:30	1
30	ORD-30	John Snow	DELIVERED	9.00	2026-03-14 11:37:33.517359+05:30	1
33	ORD-31	John Snow	PENDING	150.00	2026-03-25 13:26:42.979054+05:30	1
35	ORD-32	John Snow	PENDING	80.00	2026-03-26 12:39:54.106536+05:30	1
37	ORD-34	jhon SNOW	DELIVERED	84000.00	2026-03-27 16:50:47.772104+05:30	1
36	ORD-33	John Snow	DELIVERED	6.00	2026-03-26 12:40:10.981161+05:30	1
38	ORD-35	jhon SNOW	DELIVERED	9.00	2026-03-27 16:52:29.377621+05:30	1
39	ORD-36	John Snow	PENDING	747600.00	2026-03-31 14:31:12.261417+05:30	1
40	ORD-37	jhon SNOW	DELIVERED	18000000.00	2026-04-23 10:16:28.062495+05:30	1
42	ORD-38	jhon SNOW	DELIVERED	7199.76	2026-04-24 15:14:30.829273+05:30	1
43	ORD-39	jhon SNOW	DELIVERED	300.00	2026-04-24 15:17:34.888488+05:30	1
44	ORD-40	jhon SNOW	DELIVERED	15000.00	2026-04-24 15:23:55.306958+05:30	1
45	ORD-41	John Snow	DELIVERED	35000000.00	2026-05-05 15:20:25.021399+05:30	16
46	ORD-42	John Snow	DELIVERED	140000.00	2026-05-08 17:26:40.398636+05:30	22
\.


--
-- TOC entry 5497 (class 0 OID 54181)
-- Dependencies: 282
-- Data for Name: inventory_salesorderitem; Type: TABLE DATA; Schema: public; Owner: postgres
--

COPY public.inventory_salesorderitem (id, quantity, price, order_id, product_id) FROM stdin;
3	50	30.00	3	5
4	20	70.00	4	8
5	5	3.00	23	15
6	5	3.00	24	15
7	20	3.00	25	15
8	10	8.00	26	17
9	3	3.00	27	15
10	20	12.00	28	19
11	3	3.00	29	15
12	3	3.00	30	15
15	5	30.00	33	5
17	10	8.00	35	17
18	2	3.00	36	15
19	20	4200.00	37	21
20	3	3.00	38	15
21	178	4200.00	39	21
22	3	6000000.00	40	31
24	12	599.98	42	35
25	20	15.00	43	20
26	20	750.00	44	36
27	50	700000.00	45	38
28	1	140000.00	46	40
\.


--
-- TOC entry 5499 (class 0 OID 54191)
-- Dependencies: 284
-- Data for Name: inventory_stock; Type: TABLE DATA; Schema: public; Owner: postgres
--

COPY public.inventory_stock (id, item_name, quantity, price) FROM stdin;
\.


--
-- TOC entry 5501 (class 0 OID 54200)
-- Dependencies: 286
-- Data for Name: inventory_stockentry; Type: TABLE DATA; Schema: public; Owner: postgres
--

COPY public.inventory_stockentry (id, quantity_added, purchase_price, note, created_at, company_id, product_id) FROM stdin;
\.


--
-- TOC entry 5503 (class 0 OID 54214)
-- Dependencies: 288
-- Data for Name: inventory_stocktransaction; Type: TABLE DATA; Schema: public; Owner: postgres
--

COPY public.inventory_stocktransaction (id, transaction_type, source, quantity, reference_number, created_at, company_id, created_by_id, product_id, batch_id, note) FROM stdin;
1	OUT	SALE	50	ORD-3	2026-01-07 12:01:53.602023+05:30	1	2	5	\N	\N
8	IN	PURCHASE	10	PO-10	2026-01-09 10:06:47.088042+05:30	1	2	8	\N	\N
9	IN	PURCHASE	20	PO-11	2026-01-09 10:07:48.903836+05:30	1	2	8	\N	\N
10	OUT	SALE	10	ORD-4	2026-01-09 10:09:45.983073+05:30	1	2	8	\N	\N
11	OUT	SALE	10	ORD-4	2026-01-09 10:09:45.986365+05:30	1	2	8	\N	\N
12	IN	PURCHASE	10	PO-12	2026-01-09 11:18:56.928748+05:30	1	2	8	\N	\N
13	IN	PURCHASE	20	PO-14	2026-01-10 10:08:39.075406+05:30	1	2	9	\N	\N
14	IN	PURCHASE	10	PO-13	2026-01-10 10:08:52.513582+05:30	1	2	9	\N	\N
15	OUT	SALE	10	ORD-5	2026-01-10 10:13:48.116314+05:30	1	2	9	\N	\N
16	OUT	SALE	2	ORD-5	2026-01-10 10:13:48.120785+05:30	1	2	9	\N	\N
17	OUT	SALE	18	ORD-6	2026-01-10 10:27:17.767446+05:30	1	2	9	\N	\N
18	IN	PURCHASE	30	PO-15	2026-01-10 12:46:40.458723+05:30	1	2	13	\N	\N
19	IN	PURCHASE	5	PO-19	2026-01-10 13:12:40.376487+05:30	1	2	5	\N	\N
20	IN	PURCHASE	10	PO-21	2026-01-10 13:14:05.315167+05:30	1	2	6	\N	\N
22	IN	PURCHASE	50	PO-24	2026-01-12 11:04:47.246591+05:30	1	2	15	\N	\N
23	IN	PURCHASE	20	PO-25	2026-01-13 11:41:56.185966+05:30	1	2	16	\N	\N
24	IN	PURCHASE	5	PO-26	2026-01-14 11:43:43.090194+05:30	1	2	18	\N	\N
25	IN	PURCHASE	10	PO-27	2026-01-14 11:47:20.034767+05:30	1	2	18	\N	\N
26	OUT	SALE	5	ORD-7	2026-01-14 11:49:07.700679+05:30	1	2	18	\N	\N
27	OUT	SALE	5	ORD-8	2026-01-14 12:15:50.999168+05:30	1	2	18	\N	\N
28	IN	PURCHASE	5	PO-28	2026-01-15 11:01:35.682426+05:30	1	2	19	\N	\N
29	IN	PURCHASE	10	PO-29	2026-01-15 11:02:20.00021+05:30	1	2	19	\N	\N
30	IN	PURCHASE	10	PO-30	2026-01-16 15:58:03.23856+05:30	1	2	9	\N	\N
31	OUT	SALE	5	ORD-9	2026-01-16 15:58:29.835783+05:30	1	2	9	18	\N
32	IN	PURCHASE	50	PO-32	2026-01-19 10:52:57.871181+05:30	1	2	8	\N	\N
33	OUT	SALE	10	ORD-10	2026-01-19 10:54:47.784339+05:30	1	2	8	4	\N
34	OUT	SALE	20	ORD-10	2026-01-19 10:54:47.788108+05:30	1	2	8	19	\N
35	OUT	SALE	5	ORD-11	2026-01-19 11:04:50.633519+05:30	1	2	19	17	\N
36	ADJUSTMENT	MANUAL	5	ADJUST-21	2026-01-20 10:43:43.521398+05:30	1	2	13	21	Finished | Old: 5, New: 10
37	ADJUSTMENT	MANUAL	5	ADJUST-22	2026-01-20 10:44:17.824633+05:30	1	2	13	22	None | Old: 0, New: 5
38	ADJUSTMENT	MANUAL	3	ADJUST-22	2026-01-20 10:45:35.908389+05:30	1	2	13	22	None | Old: 5, New: 2
39	OUT	SALE	5	ORD-12	2026-01-20 15:42:55.386019+05:30	1	2	8	19	\N
40	IN	PURCHASE	10	PO-33	2026-01-20 16:33:17.278139+05:30	1	2	20	\N	\N
41	IN	PURCHASE	20	PO-34	2026-01-20 16:35:02.498468+05:30	1	2	20	\N	\N
42	OUT	SALE	10	ORD-13	2026-01-20 16:36:30.387749+05:30	1	2	20	23	\N
43	OUT	SALE	5	ORD-13	2026-01-20 16:36:30.391278+05:30	1	2	20	24	\N
44	ADJUSTMENT	MANUAL	5	ADJUST-17	2026-01-21 13:17:45.618593+05:30	1	2	19	17	Damage | Old: 5, New: 0
45	IN	PURCHASE	100	PO-36	2026-01-21 13:29:56.019766+05:30	1	2	22	\N	\N
46	IN	PURCHASE	100	PO-35	2026-01-21 13:30:03.934587+05:30	1	2	21	\N	\N
47	OUT	SALE	5	ORD-14	2026-01-21 13:31:19.194824+05:30	1	2	21	26	\N
48	OUT	SALE	5	ORD-15	2026-01-21 13:31:33.145592+05:30	1	2	21	26	\N
49	OUT	SALE	5	ORD-16	2026-01-21 13:31:44.838355+05:30	1	2	21	26	\N
50	OUT	SALE	5	ORD-17	2026-01-21 16:00:50.799478+05:30	1	2	21	26	\N
51	OUT	SALE	1	ORD-18	2026-01-21 16:30:41.997954+05:30	1	2	15	12	\N
52	OUT	SALE	5	ORD-19	2026-01-22 10:25:31.049772+05:30	1	2	21	26	\N
53	OUT	SALE	4	ORD-20	2026-01-22 11:07:40.898035+05:30	1	2	15	12	\N
54	OUT	SALE	3	ORD-21	2026-01-22 11:08:01.597976+05:30	1	2	15	12	\N
55	OUT	SALE	2	ORD-22	2026-01-22 11:08:18.96646+05:30	1	2	15	12	\N
56	OUT	SALE	5	ORD-23	2026-01-22 11:43:09.432124+05:30	1	2	15	12	\N
57	OUT	SALE	5	ORD-24	2026-01-22 11:43:33.392727+05:30	1	2	15	12	\N
58	OUT	SALE	20	ORD-25	2026-01-22 11:46:21.27186+05:30	1	2	15	12	\N
59	IN	PURCHASE	100	PO-42	2026-01-22 15:17:29.406013+05:30	1	2	17	\N	\N
60	IN	PURCHASE	100	PO-39	2026-01-22 15:24:46.698182+05:30	1	2	16	\N	\N
61	IN	PURCHASE	100	PO-43	2026-01-22 15:31:50.137848+05:30	1	2	17	\N	\N
62	IN	PURCHASE	10	PO-38	2026-01-22 15:32:05.166814+05:30	1	2	20	\N	\N
65	ADJUSTMENT	MANUAL	10	ADJUST-31	2026-01-23 15:05:31.909745+05:30	1	2	21	31	None | Old: 0, New: 10
66	ADJUSTMENT	MANUAL	10	ADJUST-32	2026-01-24 10:13:03.036376+05:30	1	2	22	32	None | Old: 0, New: 10
67	OUT	SALE	10	ORD-26	2026-01-27 15:36:14.134648+05:30	1	2	17	27	\N
68	IN	PURCHASE	15	PO-45	2026-01-27 15:39:58.540349+05:30	1	2	21	\N	\N
69	IN	PURCHASE	10	PO-44	2026-01-27 15:40:13.592913+05:30	1	2	21	\N	\N
70	ADJUSTMENT	MANUAL	10	ADJUST-34	2026-01-29 10:04:22.101908+05:30	1	2	17	34	none | Old: 0, New: 10
71	IN	PURCHASE	5	PO-48	2026-01-29 11:32:03.642151+05:30	1	2	18	\N	\N
72	IN	PURCHASE	200	PO-49	2026-01-29 11:33:32.519407+05:30	1	2	19	\N	\N
73	ADJUSTMENT	MANUAL	5	ADJUST-16	2026-01-29 11:36:51.21555+05:30	1	2	19	16	None | Old: 5, New: 10
74	ADJUSTMENT	MANUAL	10	ADJUST-29	2026-01-29 11:39:13.105238+05:30	1	2	20	29	None | Old: 10, New: 20
75	ADJUSTMENT	MANUAL	10	ADJUST-5	2026-01-29 11:42:04.415163+05:30	1	2	8	5	None | Old: 10, New: 20
76	ADJUSTMENT	MANUAL	10	ADJUST-26	2026-01-31 16:15:18.871437+05:30	1	2	21	26	None | Old: 75, New: 85
77	ADJUSTMENT	MANUAL	10	ADJUST-26	2026-01-31 16:23:19.664676+05:30	1	2	21	26	None | Old: 85, New: 95
78	OUT	SALE	3	ORD-27	2026-03-06 16:52:30.947631+05:30	1	2	15	12	\N
79	IN	PURCHASE	2	PO-50	2026-03-06 16:53:59.793999+05:30	1	2	8	\N	\N
80	OUT	SALE	20	ORD-28	2026-03-12 17:27:29.501133+05:30	1	2	19	36	\N
81	OUT	SALE	3	ORD-29	2026-03-14 11:35:02.142097+05:30	1	2	15	12	\N
82	OUT	SALE	3	ORD-30	2026-03-14 11:37:33.519369+05:30	1	2	15	12	\N
83	IN	PURCHASE	5	PO-54	2026-03-17 12:17:45.924348+05:30	1	2	5	\N	\N
84	IN	PURCHASE	4	PO-55	2026-03-17 12:19:37.192322+05:30	1	2	15	\N	\N
86	IN	PURCHASE	100	PO-56	2026-03-17 12:22:34.697481+05:30	1	2	21	\N	\N
87	IN	PURCHASE	100	PO-56	2026-03-17 12:24:06.22155+05:30	1	2	21	\N	\N
90	OUT	SALE	5	ORD-31	2026-03-25 13:26:42.991283+05:30	1	2	5	38	\N
92	OUT	SALE	10	ORD-32	2026-03-26 12:39:54.110523+05:30	1	2	17	27	\N
93	OUT	SALE	1	ORD-33	2026-03-26 12:40:10.984128+05:30	1	2	15	12	\N
94	OUT	SALE	1	ORD-33	2026-03-26 12:40:10.986124+05:30	1	2	15	39	\N
95	ADJUSTMENT	MANUAL	5	ADJUST-36	2026-03-27 13:41:59.6279+05:30	1	2	19	36	Damage | Old: 180, New: 175
96	OUT	MANUAL	5	ADJUST-36	2026-03-27 13:57:12.671183+05:30	1	2	19	36	Expired | Old: 175, New: 170
97	OUT	SALE	20	ORD-34	2026-03-27 16:50:47.777162+05:30	1	2	21	40	\N
98	OUT	SALE	3	ORD-35	2026-03-27 16:52:29.381508+05:30	1	2	15	39	\N
99	OUT	SALE	178	ORD-36	2026-03-31 14:31:12.26827+05:30	1	2	21	40	\N
100	IN	MANUAL	5	ADJUST-45	2026-03-31 15:14:52.271894+05:30	1	2	28	45	ggg | Old: 1, New: 6
101	OUT	MANUAL	3	ADJUST-45	2026-03-31 15:15:19.659922+05:30	1	2	28	45	damage | Old: 6, New: 3
102	IN	PURCHASE	20	PO-59	2026-04-11 12:34:33.60357+05:30	1	2	16	\N	\N
103	OUT	SALE	3	ORD-37	2026-04-23 10:16:28.07207+05:30	1	2	31	48	\N
104	IN	PURCHASE	15	PO-60	2026-04-24 14:46:50.136527+05:30	1	2	33	\N	\N
105	IN	PURCHASE	15	PO-61	2026-04-24 14:48:50.278641+05:30	1	2	34	\N	\N
106	IN	PURCHASE	20	PO-62	2026-04-24 14:51:46.156813+05:30	1	2	35	\N	\N
108	OUT	SALE	12	ORD-38	2026-04-24 15:14:30.833935+05:30	1	2	35	53	\N
109	IN	PURCHASE	20	PO-63	2026-04-24 15:17:14.623997+05:30	1	2	20	\N	\N
110	OUT	SALE	20	ORD-39	2026-04-24 15:17:34.891594+05:30	1	2	20	54	\N
111	IN	PURCHASE	50	PO-64	2026-04-24 15:19:41.973515+05:30	1	2	21	\N	\N
112	IN	PURCHASE	200	PO-65	2026-04-24 15:23:10.673439+05:30	1	2	36	\N	\N
113	OUT	SALE	20	ORD-40	2026-04-24 15:23:55.310265+05:30	1	2	36	56	\N
114	IN	PURCHASE	100	PO-66	2026-05-05 15:19:54.694497+05:30	16	18	38	\N	\N
115	OUT	SALE	50	ORD-41	2026-05-05 15:20:25.036997+05:30	16	18	38	57	\N
116	IN	MANUAL	8	ADJUST-57	2026-05-05 15:21:08.021858+05:30	16	18	38	57	correction | Old: 50, New: 58
117	IN	PURCHASE	50	PO-67	2026-05-08 16:49:33.496642+05:30	1	2	39	\N	\N
118	IN	PURCHASE	50	PO-68	2026-05-08 17:20:16.764618+05:30	1	2	39	\N	\N
119	IN	PURCHASE	5	PO-69	2026-05-08 17:26:14.215565+05:30	22	24	40	\N	\N
120	OUT	SALE	1	ORD-42	2026-05-08 17:26:40.406199+05:30	22	24	40	60	\N
121	IN	MANUAL	2	ADJUST-57	2026-05-13 14:55:29.144662+05:30	16	18	38	57	correction | Old: 58, New: 60
\.


--
-- TOC entry 5505 (class 0 OID 54228)
-- Dependencies: 290
-- Data for Name: inventory_vendor; Type: TABLE DATA; Schema: public; Owner: postgres
--

COPY public.inventory_vendor (id, display_name, email, mobile, address, company_id, company_name, first_name, language, last_name, salutation, work_phone, status, gst_number) FROM stdin;
1	ABC Suppliers	abc@google.com	8768768798		1			English				A	\N
11	CBA	cba@cba.com	9999999999	Pune	1	\N	shubham	English	patil	Mr	\N	A	\N
13	sdgm	patilpriyanka47011@gmail.com	1234567890	any	1	sop pvt	Priyanka	English	Patil	Mrs	\N	A	\N
14	Lotus	lotus@lotus.in	7654321890	Mumbai	1	Lotus corp	Akshay	English	Khanna	Mr	\N	A	33ARTYU5678U6Z7
12	cde	edc@edc.com	9999999923	Mumbai	1	ghj	Raj	English	Patil	Mr	\N	A	56TYUIO4443A1Z9
15	Ruchita	ruchita@gmail.com	7879797979	pune	1	Ruchita Enterprises Pvt Ltd	Ruchita	\N	Patil	Mrs	\N	A	27AAAAA1234A1Z5
16	jhonthedon	xewod36555@justnapa.com	8989898989	hello	16	TechnoKraft	jhon	\N	Cena	Mr	\N	A	24AAACI1681G1ZV
17	kj	nj@gv.com	6777777777	bvhvhv	22	bjbkb	vhgv	\N	jbjj	Mr	\N	A	35ARTYU5678U6Z7
\.


--
-- TOC entry 5512 (class 0 OID 0)
-- Dependencies: 220
-- Name: accounts_emailverification_id_seq; Type: SEQUENCE SET; Schema: public; Owner: postgres
--

SELECT pg_catalog.setval('public.accounts_emailverification_id_seq', 28, true);


--
-- TOC entry 5513 (class 0 OID 0)
-- Dependencies: 222
-- Name: accounts_enterpriselead_id_seq; Type: SEQUENCE SET; Schema: public; Owner: postgres
--

SELECT pg_catalog.setval('public.accounts_enterpriselead_id_seq', 20, true);


--
-- TOC entry 5514 (class 0 OID 0)
-- Dependencies: 224
-- Name: accounts_lead_id_seq; Type: SEQUENCE SET; Schema: public; Owner: postgres
--

SELECT pg_catalog.setval('public.accounts_lead_id_seq', 13, true);


--
-- TOC entry 5515 (class 0 OID 0)
-- Dependencies: 226
-- Name: accounts_userprofile_id_seq; Type: SEQUENCE SET; Schema: public; Owner: postgres
--

SELECT pg_catalog.setval('public.accounts_userprofile_id_seq', 38, true);


--
-- TOC entry 5516 (class 0 OID 0)
-- Dependencies: 228
-- Name: auth_group_id_seq; Type: SEQUENCE SET; Schema: public; Owner: postgres
--

SELECT pg_catalog.setval('public.auth_group_id_seq', 1, false);


--
-- TOC entry 5517 (class 0 OID 0)
-- Dependencies: 230
-- Name: auth_group_permissions_id_seq; Type: SEQUENCE SET; Schema: public; Owner: postgres
--

SELECT pg_catalog.setval('public.auth_group_permissions_id_seq', 1, false);


--
-- TOC entry 5518 (class 0 OID 0)
-- Dependencies: 232
-- Name: auth_permission_id_seq; Type: SEQUENCE SET; Schema: public; Owner: postgres
--

SELECT pg_catalog.setval('public.auth_permission_id_seq', 132, true);


--
-- TOC entry 5519 (class 0 OID 0)
-- Dependencies: 235
-- Name: auth_user_groups_id_seq; Type: SEQUENCE SET; Schema: public; Owner: postgres
--

SELECT pg_catalog.setval('public.auth_user_groups_id_seq', 1, false);


--
-- TOC entry 5520 (class 0 OID 0)
-- Dependencies: 236
-- Name: auth_user_id_seq; Type: SEQUENCE SET; Schema: public; Owner: postgres
--

SELECT pg_catalog.setval('public.auth_user_id_seq', 41, true);


--
-- TOC entry 5521 (class 0 OID 0)
-- Dependencies: 238
-- Name: auth_user_user_permissions_id_seq; Type: SEQUENCE SET; Schema: public; Owner: postgres
--

SELECT pg_catalog.setval('public.auth_user_user_permissions_id_seq', 1, false);


--
-- TOC entry 5522 (class 0 OID 0)
-- Dependencies: 240
-- Name: company_company_id_seq; Type: SEQUENCE SET; Schema: public; Owner: postgres
--

SELECT pg_catalog.setval('public.company_company_id_seq', 39, true);


--
-- TOC entry 5523 (class 0 OID 0)
-- Dependencies: 242
-- Name: company_newentry_id_seq; Type: SEQUENCE SET; Schema: public; Owner: postgres
--

SELECT pg_catalog.setval('public.company_newentry_id_seq', 1, false);


--
-- TOC entry 5524 (class 0 OID 0)
-- Dependencies: 244
-- Name: company_payment_id_seq; Type: SEQUENCE SET; Schema: public; Owner: postgres
--

SELECT pg_catalog.setval('public.company_payment_id_seq', 11, true);


--
-- TOC entry 5525 (class 0 OID 0)
-- Dependencies: 246
-- Name: company_staff_id_seq; Type: SEQUENCE SET; Schema: public; Owner: postgres
--

SELECT pg_catalog.setval('public.company_staff_id_seq', 1, false);


--
-- TOC entry 5526 (class 0 OID 0)
-- Dependencies: 248
-- Name: company_transaction_id_seq; Type: SEQUENCE SET; Schema: public; Owner: postgres
--

SELECT pg_catalog.setval('public.company_transaction_id_seq', 1, false);


--
-- TOC entry 5527 (class 0 OID 0)
-- Dependencies: 250
-- Name: company_vendor_id_seq; Type: SEQUENCE SET; Schema: public; Owner: postgres
--

SELECT pg_catalog.setval('public.company_vendor_id_seq', 1, false);


--
-- TOC entry 5528 (class 0 OID 0)
-- Dependencies: 252
-- Name: django_admin_log_id_seq; Type: SEQUENCE SET; Schema: public; Owner: postgres
--

SELECT pg_catalog.setval('public.django_admin_log_id_seq', 1, false);


--
-- TOC entry 5529 (class 0 OID 0)
-- Dependencies: 254
-- Name: django_content_type_id_seq; Type: SEQUENCE SET; Schema: public; Owner: postgres
--

SELECT pg_catalog.setval('public.django_content_type_id_seq', 33, true);


--
-- TOC entry 5530 (class 0 OID 0)
-- Dependencies: 256
-- Name: django_migrations_id_seq; Type: SEQUENCE SET; Schema: public; Owner: postgres
--

SELECT pg_catalog.setval('public.django_migrations_id_seq', 63, true);


--
-- TOC entry 5531 (class 0 OID 0)
-- Dependencies: 259
-- Name: inventory_address_id_seq; Type: SEQUENCE SET; Schema: public; Owner: postgres
--

SELECT pg_catalog.setval('public.inventory_address_id_seq', 2, true);


--
-- TOC entry 5532 (class 0 OID 0)
-- Dependencies: 261
-- Name: inventory_category_id_seq; Type: SEQUENCE SET; Schema: public; Owner: postgres
--

SELECT pg_catalog.setval('public.inventory_category_id_seq', 10, true);


--
-- TOC entry 5533 (class 0 OID 0)
-- Dependencies: 263
-- Name: inventory_contactperson_id_seq; Type: SEQUENCE SET; Schema: public; Owner: postgres
--

SELECT pg_catalog.setval('public.inventory_contactperson_id_seq', 2, true);


--
-- TOC entry 5534 (class 0 OID 0)
-- Dependencies: 265
-- Name: inventory_customer_id_seq; Type: SEQUENCE SET; Schema: public; Owner: postgres
--

SELECT pg_catalog.setval('public.inventory_customer_id_seq', 3, true);


--
-- TOC entry 5535 (class 0 OID 0)
-- Dependencies: 267
-- Name: inventory_inventoryalert_id_seq; Type: SEQUENCE SET; Schema: public; Owner: postgres
--

SELECT pg_catalog.setval('public.inventory_inventoryalert_id_seq', 55, true);


--
-- TOC entry 5536 (class 0 OID 0)
-- Dependencies: 269
-- Name: inventory_product_id_seq; Type: SEQUENCE SET; Schema: public; Owner: postgres
--

SELECT pg_catalog.setval('public.inventory_product_id_seq', 40, true);


--
-- TOC entry 5537 (class 0 OID 0)
-- Dependencies: 271
-- Name: inventory_productbatch_id_seq; Type: SEQUENCE SET; Schema: public; Owner: postgres
--

SELECT pg_catalog.setval('public.inventory_productbatch_id_seq', 60, true);


--
-- TOC entry 5538 (class 0 OID 0)
-- Dependencies: 273
-- Name: inventory_purchaseorder_id_seq; Type: SEQUENCE SET; Schema: public; Owner: postgres
--

SELECT pg_catalog.setval('public.inventory_purchaseorder_id_seq', 70, true);


--
-- TOC entry 5539 (class 0 OID 0)
-- Dependencies: 275
-- Name: inventory_purchaseorderitem_id_seq; Type: SEQUENCE SET; Schema: public; Owner: postgres
--

SELECT pg_catalog.setval('public.inventory_purchaseorderitem_id_seq', 62, true);


--
-- TOC entry 5540 (class 0 OID 0)
-- Dependencies: 277
-- Name: inventory_quote_id_seq; Type: SEQUENCE SET; Schema: public; Owner: postgres
--

SELECT pg_catalog.setval('public.inventory_quote_id_seq', 1, false);


--
-- TOC entry 5541 (class 0 OID 0)
-- Dependencies: 279
-- Name: inventory_quoteitem_id_seq; Type: SEQUENCE SET; Schema: public; Owner: postgres
--

SELECT pg_catalog.setval('public.inventory_quoteitem_id_seq', 1, false);


--
-- TOC entry 5542 (class 0 OID 0)
-- Dependencies: 281
-- Name: inventory_salesorder_id_seq; Type: SEQUENCE SET; Schema: public; Owner: postgres
--

SELECT pg_catalog.setval('public.inventory_salesorder_id_seq', 46, true);


--
-- TOC entry 5543 (class 0 OID 0)
-- Dependencies: 283
-- Name: inventory_salesorderitem_id_seq; Type: SEQUENCE SET; Schema: public; Owner: postgres
--

SELECT pg_catalog.setval('public.inventory_salesorderitem_id_seq', 28, true);


--
-- TOC entry 5544 (class 0 OID 0)
-- Dependencies: 285
-- Name: inventory_stock_id_seq; Type: SEQUENCE SET; Schema: public; Owner: postgres
--

SELECT pg_catalog.setval('public.inventory_stock_id_seq', 1, false);


--
-- TOC entry 5545 (class 0 OID 0)
-- Dependencies: 287
-- Name: inventory_stockentry_id_seq; Type: SEQUENCE SET; Schema: public; Owner: postgres
--

SELECT pg_catalog.setval('public.inventory_stockentry_id_seq', 1, false);


--
-- TOC entry 5546 (class 0 OID 0)
-- Dependencies: 289
-- Name: inventory_stocktransaction_id_seq; Type: SEQUENCE SET; Schema: public; Owner: postgres
--

SELECT pg_catalog.setval('public.inventory_stocktransaction_id_seq', 121, true);


--
-- TOC entry 5547 (class 0 OID 0)
-- Dependencies: 291
-- Name: inventory_vendor_id_seq; Type: SEQUENCE SET; Schema: public; Owner: postgres
--

SELECT pg_catalog.setval('public.inventory_vendor_id_seq', 17, true);


--
-- TOC entry 5045 (class 2606 OID 54239)
-- Name: accounts_emailverification accounts_emailverification_pkey; Type: CONSTRAINT; Schema: public; Owner: postgres
--

ALTER TABLE ONLY public.accounts_emailverification
    ADD CONSTRAINT accounts_emailverification_pkey PRIMARY KEY (id);


--
-- TOC entry 5047 (class 2606 OID 54241)
-- Name: accounts_emailverification accounts_emailverification_user_id_key; Type: CONSTRAINT; Schema: public; Owner: postgres
--

ALTER TABLE ONLY public.accounts_emailverification
    ADD CONSTRAINT accounts_emailverification_user_id_key UNIQUE (user_id);


--
-- TOC entry 5049 (class 2606 OID 54243)
-- Name: accounts_enterpriselead accounts_enterpriselead_pkey; Type: CONSTRAINT; Schema: public; Owner: postgres
--

ALTER TABLE ONLY public.accounts_enterpriselead
    ADD CONSTRAINT accounts_enterpriselead_pkey PRIMARY KEY (id);


--
-- TOC entry 5051 (class 2606 OID 54245)
-- Name: accounts_lead accounts_lead_pkey; Type: CONSTRAINT; Schema: public; Owner: postgres
--

ALTER TABLE ONLY public.accounts_lead
    ADD CONSTRAINT accounts_lead_pkey PRIMARY KEY (id);


--
-- TOC entry 5054 (class 2606 OID 54247)
-- Name: accounts_userprofile accounts_userprofile_pkey; Type: CONSTRAINT; Schema: public; Owner: postgres
--

ALTER TABLE ONLY public.accounts_userprofile
    ADD CONSTRAINT accounts_userprofile_pkey PRIMARY KEY (id);


--
-- TOC entry 5056 (class 2606 OID 54249)
-- Name: accounts_userprofile accounts_userprofile_user_id_key; Type: CONSTRAINT; Schema: public; Owner: postgres
--

ALTER TABLE ONLY public.accounts_userprofile
    ADD CONSTRAINT accounts_userprofile_user_id_key UNIQUE (user_id);


--
-- TOC entry 5059 (class 2606 OID 54251)
-- Name: auth_group auth_group_name_key; Type: CONSTRAINT; Schema: public; Owner: postgres
--

ALTER TABLE ONLY public.auth_group
    ADD CONSTRAINT auth_group_name_key UNIQUE (name);


--
-- TOC entry 5064 (class 2606 OID 54253)
-- Name: auth_group_permissions auth_group_permissions_group_id_permission_id_0cd325b0_uniq; Type: CONSTRAINT; Schema: public; Owner: postgres
--

ALTER TABLE ONLY public.auth_group_permissions
    ADD CONSTRAINT auth_group_permissions_group_id_permission_id_0cd325b0_uniq UNIQUE (group_id, permission_id);


--
-- TOC entry 5067 (class 2606 OID 54255)
-- Name: auth_group_permissions auth_group_permissions_pkey; Type: CONSTRAINT; Schema: public; Owner: postgres
--

ALTER TABLE ONLY public.auth_group_permissions
    ADD CONSTRAINT auth_group_permissions_pkey PRIMARY KEY (id);


--
-- TOC entry 5061 (class 2606 OID 54257)
-- Name: auth_group auth_group_pkey; Type: CONSTRAINT; Schema: public; Owner: postgres
--

ALTER TABLE ONLY public.auth_group
    ADD CONSTRAINT auth_group_pkey PRIMARY KEY (id);


--
-- TOC entry 5070 (class 2606 OID 54259)
-- Name: auth_permission auth_permission_content_type_id_codename_01ab375a_uniq; Type: CONSTRAINT; Schema: public; Owner: postgres
--

ALTER TABLE ONLY public.auth_permission
    ADD CONSTRAINT auth_permission_content_type_id_codename_01ab375a_uniq UNIQUE (content_type_id, codename);


--
-- TOC entry 5072 (class 2606 OID 54261)
-- Name: auth_permission auth_permission_pkey; Type: CONSTRAINT; Schema: public; Owner: postgres
--

ALTER TABLE ONLY public.auth_permission
    ADD CONSTRAINT auth_permission_pkey PRIMARY KEY (id);


--
-- TOC entry 5080 (class 2606 OID 54263)
-- Name: auth_user_groups auth_user_groups_pkey; Type: CONSTRAINT; Schema: public; Owner: postgres
--

ALTER TABLE ONLY public.auth_user_groups
    ADD CONSTRAINT auth_user_groups_pkey PRIMARY KEY (id);


--
-- TOC entry 5083 (class 2606 OID 54265)
-- Name: auth_user_groups auth_user_groups_user_id_group_id_94350c0c_uniq; Type: CONSTRAINT; Schema: public; Owner: postgres
--

ALTER TABLE ONLY public.auth_user_groups
    ADD CONSTRAINT auth_user_groups_user_id_group_id_94350c0c_uniq UNIQUE (user_id, group_id);


--
-- TOC entry 5074 (class 2606 OID 54267)
-- Name: auth_user auth_user_pkey; Type: CONSTRAINT; Schema: public; Owner: postgres
--

ALTER TABLE ONLY public.auth_user
    ADD CONSTRAINT auth_user_pkey PRIMARY KEY (id);


--
-- TOC entry 5086 (class 2606 OID 54269)
-- Name: auth_user_user_permissions auth_user_user_permissions_pkey; Type: CONSTRAINT; Schema: public; Owner: postgres
--

ALTER TABLE ONLY public.auth_user_user_permissions
    ADD CONSTRAINT auth_user_user_permissions_pkey PRIMARY KEY (id);


--
-- TOC entry 5089 (class 2606 OID 54271)
-- Name: auth_user_user_permissions auth_user_user_permissions_user_id_permission_id_14a6b632_uniq; Type: CONSTRAINT; Schema: public; Owner: postgres
--

ALTER TABLE ONLY public.auth_user_user_permissions
    ADD CONSTRAINT auth_user_user_permissions_user_id_permission_id_14a6b632_uniq UNIQUE (user_id, permission_id);


--
-- TOC entry 5077 (class 2606 OID 54273)
-- Name: auth_user auth_user_username_key; Type: CONSTRAINT; Schema: public; Owner: postgres
--

ALTER TABLE ONLY public.auth_user
    ADD CONSTRAINT auth_user_username_key UNIQUE (username);


--
-- TOC entry 5092 (class 2606 OID 54275)
-- Name: company_company company_company_name_cac0b7f4_uniq; Type: CONSTRAINT; Schema: public; Owner: postgres
--

ALTER TABLE ONLY public.company_company
    ADD CONSTRAINT company_company_name_cac0b7f4_uniq UNIQUE (name);


--
-- TOC entry 5094 (class 2606 OID 54277)
-- Name: company_company company_company_owner_id_key; Type: CONSTRAINT; Schema: public; Owner: postgres
--

ALTER TABLE ONLY public.company_company
    ADD CONSTRAINT company_company_owner_id_key UNIQUE (owner_id);


--
-- TOC entry 5096 (class 2606 OID 54279)
-- Name: company_company company_company_pkey; Type: CONSTRAINT; Schema: public; Owner: postgres
--

ALTER TABLE ONLY public.company_company
    ADD CONSTRAINT company_company_pkey PRIMARY KEY (id);


--
-- TOC entry 5099 (class 2606 OID 54281)
-- Name: company_newentry company_newentry_pkey; Type: CONSTRAINT; Schema: public; Owner: postgres
--

ALTER TABLE ONLY public.company_newentry
    ADD CONSTRAINT company_newentry_pkey PRIMARY KEY (id);


--
-- TOC entry 5103 (class 2606 OID 54283)
-- Name: company_payment company_payment_order_id_key; Type: CONSTRAINT; Schema: public; Owner: postgres
--

ALTER TABLE ONLY public.company_payment
    ADD CONSTRAINT company_payment_order_id_key UNIQUE (order_id);


--
-- TOC entry 5106 (class 2606 OID 54285)
-- Name: company_payment company_payment_payment_id_key; Type: CONSTRAINT; Schema: public; Owner: postgres
--

ALTER TABLE ONLY public.company_payment
    ADD CONSTRAINT company_payment_payment_id_key UNIQUE (payment_id);


--
-- TOC entry 5108 (class 2606 OID 54287)
-- Name: company_payment company_payment_pkey; Type: CONSTRAINT; Schema: public; Owner: postgres
--

ALTER TABLE ONLY public.company_payment
    ADD CONSTRAINT company_payment_pkey PRIMARY KEY (id);


--
-- TOC entry 5112 (class 2606 OID 54289)
-- Name: company_staff company_staff_email_key; Type: CONSTRAINT; Schema: public; Owner: postgres
--

ALTER TABLE ONLY public.company_staff
    ADD CONSTRAINT company_staff_email_key UNIQUE (email);


--
-- TOC entry 5114 (class 2606 OID 54291)
-- Name: company_staff company_staff_pkey; Type: CONSTRAINT; Schema: public; Owner: postgres
--

ALTER TABLE ONLY public.company_staff
    ADD CONSTRAINT company_staff_pkey PRIMARY KEY (id);


--
-- TOC entry 5117 (class 2606 OID 54293)
-- Name: company_transaction company_transaction_pkey; Type: CONSTRAINT; Schema: public; Owner: postgres
--

ALTER TABLE ONLY public.company_transaction
    ADD CONSTRAINT company_transaction_pkey PRIMARY KEY (id);


--
-- TOC entry 5120 (class 2606 OID 54295)
-- Name: company_transaction company_transaction_ref_id_key; Type: CONSTRAINT; Schema: public; Owner: postgres
--

ALTER TABLE ONLY public.company_transaction
    ADD CONSTRAINT company_transaction_ref_id_key UNIQUE (ref_id);


--
-- TOC entry 5125 (class 2606 OID 54297)
-- Name: company_vendor company_vendor_company_id_gst_number_9335e69a_uniq; Type: CONSTRAINT; Schema: public; Owner: postgres
--

ALTER TABLE ONLY public.company_vendor
    ADD CONSTRAINT company_vendor_company_id_gst_number_9335e69a_uniq UNIQUE (company_id, gst_number);


--
-- TOC entry 5131 (class 2606 OID 54299)
-- Name: company_vendor company_vendor_pkey; Type: CONSTRAINT; Schema: public; Owner: postgres
--

ALTER TABLE ONLY public.company_vendor
    ADD CONSTRAINT company_vendor_pkey PRIMARY KEY (id);


--
-- TOC entry 5134 (class 2606 OID 54301)
-- Name: django_admin_log django_admin_log_pkey; Type: CONSTRAINT; Schema: public; Owner: postgres
--

ALTER TABLE ONLY public.django_admin_log
    ADD CONSTRAINT django_admin_log_pkey PRIMARY KEY (id);


--
-- TOC entry 5137 (class 2606 OID 54303)
-- Name: django_content_type django_content_type_app_label_model_76bd3d3b_uniq; Type: CONSTRAINT; Schema: public; Owner: postgres
--

ALTER TABLE ONLY public.django_content_type
    ADD CONSTRAINT django_content_type_app_label_model_76bd3d3b_uniq UNIQUE (app_label, model);


--
-- TOC entry 5139 (class 2606 OID 54305)
-- Name: django_content_type django_content_type_pkey; Type: CONSTRAINT; Schema: public; Owner: postgres
--

ALTER TABLE ONLY public.django_content_type
    ADD CONSTRAINT django_content_type_pkey PRIMARY KEY (id);


--
-- TOC entry 5141 (class 2606 OID 54307)
-- Name: django_migrations django_migrations_pkey; Type: CONSTRAINT; Schema: public; Owner: postgres
--

ALTER TABLE ONLY public.django_migrations
    ADD CONSTRAINT django_migrations_pkey PRIMARY KEY (id);


--
-- TOC entry 5144 (class 2606 OID 54309)
-- Name: django_session django_session_pkey; Type: CONSTRAINT; Schema: public; Owner: postgres
--

ALTER TABLE ONLY public.django_session
    ADD CONSTRAINT django_session_pkey PRIMARY KEY (session_key);


--
-- TOC entry 5148 (class 2606 OID 54311)
-- Name: inventory_address inventory_address_pkey; Type: CONSTRAINT; Schema: public; Owner: postgres
--

ALTER TABLE ONLY public.inventory_address
    ADD CONSTRAINT inventory_address_pkey PRIMARY KEY (id);


--
-- TOC entry 5151 (class 2606 OID 54313)
-- Name: inventory_category inventory_category_pkey; Type: CONSTRAINT; Schema: public; Owner: postgres
--

ALTER TABLE ONLY public.inventory_category
    ADD CONSTRAINT inventory_category_pkey PRIMARY KEY (id);


--
-- TOC entry 5154 (class 2606 OID 54315)
-- Name: inventory_contactperson inventory_contactperson_pkey; Type: CONSTRAINT; Schema: public; Owner: postgres
--

ALTER TABLE ONLY public.inventory_contactperson
    ADD CONSTRAINT inventory_contactperson_pkey PRIMARY KEY (id);


--
-- TOC entry 5158 (class 2606 OID 54317)
-- Name: inventory_customer inventory_customer_email_e905fc93_uniq; Type: CONSTRAINT; Schema: public; Owner: postgres
--

ALTER TABLE ONLY public.inventory_customer
    ADD CONSTRAINT inventory_customer_email_e905fc93_uniq UNIQUE (email);


--
-- TOC entry 5161 (class 2606 OID 54319)
-- Name: inventory_customer inventory_customer_gst_number_a8806981_uniq; Type: CONSTRAINT; Schema: public; Owner: postgres
--

ALTER TABLE ONLY public.inventory_customer
    ADD CONSTRAINT inventory_customer_gst_number_a8806981_uniq UNIQUE (gst_number);


--
-- TOC entry 5164 (class 2606 OID 54321)
-- Name: inventory_customer inventory_customer_phone_e88b90b4_uniq; Type: CONSTRAINT; Schema: public; Owner: postgres
--

ALTER TABLE ONLY public.inventory_customer
    ADD CONSTRAINT inventory_customer_phone_e88b90b4_uniq UNIQUE (phone);


--
-- TOC entry 5166 (class 2606 OID 54323)
-- Name: inventory_customer inventory_customer_pkey; Type: CONSTRAINT; Schema: public; Owner: postgres
--

ALTER TABLE ONLY public.inventory_customer
    ADD CONSTRAINT inventory_customer_pkey PRIMARY KEY (id);


--
-- TOC entry 5169 (class 2606 OID 54325)
-- Name: inventory_customer inventory_customer_website_b04f06ff_uniq; Type: CONSTRAINT; Schema: public; Owner: postgres
--

ALTER TABLE ONLY public.inventory_customer
    ADD CONSTRAINT inventory_customer_website_b04f06ff_uniq UNIQUE (website);


--
-- TOC entry 5175 (class 2606 OID 54327)
-- Name: inventory_inventoryalert inventory_inventoryalert_pkey; Type: CONSTRAINT; Schema: public; Owner: postgres
--

ALTER TABLE ONLY public.inventory_inventoryalert
    ADD CONSTRAINT inventory_inventoryalert_pkey PRIMARY KEY (id);


--
-- TOC entry 5180 (class 2606 OID 54329)
-- Name: inventory_product inventory_product_company_id_name_e0e03654_uniq; Type: CONSTRAINT; Schema: public; Owner: postgres
--

ALTER TABLE ONLY public.inventory_product
    ADD CONSTRAINT inventory_product_company_id_name_e0e03654_uniq UNIQUE (company_id, name);


--
-- TOC entry 5182 (class 2606 OID 54331)
-- Name: inventory_product inventory_product_pkey; Type: CONSTRAINT; Schema: public; Owner: postgres
--

ALTER TABLE ONLY public.inventory_product
    ADD CONSTRAINT inventory_product_pkey PRIMARY KEY (id);


--
-- TOC entry 5185 (class 2606 OID 54333)
-- Name: inventory_product inventory_product_sku_key; Type: CONSTRAINT; Schema: public; Owner: postgres
--

ALTER TABLE ONLY public.inventory_product
    ADD CONSTRAINT inventory_product_sku_key UNIQUE (sku);


--
-- TOC entry 5188 (class 2606 OID 54335)
-- Name: inventory_productbatch inventory_productbatch_company_id_product_id_ba_6a7f26e7_uniq; Type: CONSTRAINT; Schema: public; Owner: postgres
--

ALTER TABLE ONLY public.inventory_productbatch
    ADD CONSTRAINT inventory_productbatch_company_id_product_id_ba_6a7f26e7_uniq UNIQUE (company_id, product_id, batch_number);


--
-- TOC entry 5190 (class 2606 OID 54337)
-- Name: inventory_productbatch inventory_productbatch_pkey; Type: CONSTRAINT; Schema: public; Owner: postgres
--

ALTER TABLE ONLY public.inventory_productbatch
    ADD CONSTRAINT inventory_productbatch_pkey PRIMARY KEY (id);


--
-- TOC entry 5195 (class 2606 OID 54339)
-- Name: inventory_purchaseorder inventory_purchaseorder_order_number_key; Type: CONSTRAINT; Schema: public; Owner: postgres
--

ALTER TABLE ONLY public.inventory_purchaseorder
    ADD CONSTRAINT inventory_purchaseorder_order_number_key UNIQUE (order_number);


--
-- TOC entry 5197 (class 2606 OID 54341)
-- Name: inventory_purchaseorder inventory_purchaseorder_pkey; Type: CONSTRAINT; Schema: public; Owner: postgres
--

ALTER TABLE ONLY public.inventory_purchaseorder
    ADD CONSTRAINT inventory_purchaseorder_pkey PRIMARY KEY (id);


--
-- TOC entry 5200 (class 2606 OID 54343)
-- Name: inventory_purchaseorderitem inventory_purchaseorderitem_pkey; Type: CONSTRAINT; Schema: public; Owner: postgres
--

ALTER TABLE ONLY public.inventory_purchaseorderitem
    ADD CONSTRAINT inventory_purchaseorderitem_pkey PRIMARY KEY (id);


--
-- TOC entry 5205 (class 2606 OID 54345)
-- Name: inventory_quote inventory_quote_pkey; Type: CONSTRAINT; Schema: public; Owner: postgres
--

ALTER TABLE ONLY public.inventory_quote
    ADD CONSTRAINT inventory_quote_pkey PRIMARY KEY (id);


--
-- TOC entry 5208 (class 2606 OID 54347)
-- Name: inventory_quote inventory_quote_quote_number_key; Type: CONSTRAINT; Schema: public; Owner: postgres
--

ALTER TABLE ONLY public.inventory_quote
    ADD CONSTRAINT inventory_quote_quote_number_key UNIQUE (quote_number);


--
-- TOC entry 5210 (class 2606 OID 54349)
-- Name: inventory_quoteitem inventory_quoteitem_pkey; Type: CONSTRAINT; Schema: public; Owner: postgres
--

ALTER TABLE ONLY public.inventory_quoteitem
    ADD CONSTRAINT inventory_quoteitem_pkey PRIMARY KEY (id);


--
-- TOC entry 5216 (class 2606 OID 54351)
-- Name: inventory_salesorder inventory_salesorder_order_number_key; Type: CONSTRAINT; Schema: public; Owner: postgres
--

ALTER TABLE ONLY public.inventory_salesorder
    ADD CONSTRAINT inventory_salesorder_order_number_key UNIQUE (order_number);


--
-- TOC entry 5218 (class 2606 OID 54353)
-- Name: inventory_salesorder inventory_salesorder_pkey; Type: CONSTRAINT; Schema: public; Owner: postgres
--

ALTER TABLE ONLY public.inventory_salesorder
    ADD CONSTRAINT inventory_salesorder_pkey PRIMARY KEY (id);


--
-- TOC entry 5221 (class 2606 OID 54355)
-- Name: inventory_salesorderitem inventory_salesorderitem_pkey; Type: CONSTRAINT; Schema: public; Owner: postgres
--

ALTER TABLE ONLY public.inventory_salesorderitem
    ADD CONSTRAINT inventory_salesorderitem_pkey PRIMARY KEY (id);


--
-- TOC entry 5224 (class 2606 OID 54357)
-- Name: inventory_stock inventory_stock_pkey; Type: CONSTRAINT; Schema: public; Owner: postgres
--

ALTER TABLE ONLY public.inventory_stock
    ADD CONSTRAINT inventory_stock_pkey PRIMARY KEY (id);


--
-- TOC entry 5227 (class 2606 OID 54359)
-- Name: inventory_stockentry inventory_stockentry_pkey; Type: CONSTRAINT; Schema: public; Owner: postgres
--

ALTER TABLE ONLY public.inventory_stockentry
    ADD CONSTRAINT inventory_stockentry_pkey PRIMARY KEY (id);


--
-- TOC entry 5233 (class 2606 OID 54361)
-- Name: inventory_stocktransaction inventory_stocktransaction_pkey; Type: CONSTRAINT; Schema: public; Owner: postgres
--

ALTER TABLE ONLY public.inventory_stocktransaction
    ADD CONSTRAINT inventory_stocktransaction_pkey PRIMARY KEY (id);


--
-- TOC entry 5238 (class 2606 OID 54363)
-- Name: inventory_vendor inventory_vendor_gst_number_key; Type: CONSTRAINT; Schema: public; Owner: postgres
--

ALTER TABLE ONLY public.inventory_vendor
    ADD CONSTRAINT inventory_vendor_gst_number_key UNIQUE (gst_number);


--
-- TOC entry 5240 (class 2606 OID 54365)
-- Name: inventory_vendor inventory_vendor_pkey; Type: CONSTRAINT; Schema: public; Owner: postgres
--

ALTER TABLE ONLY public.inventory_vendor
    ADD CONSTRAINT inventory_vendor_pkey PRIMARY KEY (id);


--
-- TOC entry 5171 (class 2606 OID 54367)
-- Name: inventory_customer unique_customer_name_company; Type: CONSTRAINT; Schema: public; Owner: postgres
--

ALTER TABLE ONLY public.inventory_customer
    ADD CONSTRAINT unique_customer_name_company UNIQUE (contact_name, company_name);


--
-- TOC entry 5052 (class 1259 OID 54368)
-- Name: accounts_userprofile_company_id_ee91cf5b; Type: INDEX; Schema: public; Owner: postgres
--

CREATE INDEX accounts_userprofile_company_id_ee91cf5b ON public.accounts_userprofile USING btree (company_id);


--
-- TOC entry 5057 (class 1259 OID 54369)
-- Name: auth_group_name_a6ea08ec_like; Type: INDEX; Schema: public; Owner: postgres
--

CREATE INDEX auth_group_name_a6ea08ec_like ON public.auth_group USING btree (name varchar_pattern_ops);


--
-- TOC entry 5062 (class 1259 OID 54370)
-- Name: auth_group_permissions_group_id_b120cbf9; Type: INDEX; Schema: public; Owner: postgres
--

CREATE INDEX auth_group_permissions_group_id_b120cbf9 ON public.auth_group_permissions USING btree (group_id);


--
-- TOC entry 5065 (class 1259 OID 54371)
-- Name: auth_group_permissions_permission_id_84c5c92e; Type: INDEX; Schema: public; Owner: postgres
--

CREATE INDEX auth_group_permissions_permission_id_84c5c92e ON public.auth_group_permissions USING btree (permission_id);


--
-- TOC entry 5068 (class 1259 OID 54372)
-- Name: auth_permission_content_type_id_2f476e4b; Type: INDEX; Schema: public; Owner: postgres
--

CREATE INDEX auth_permission_content_type_id_2f476e4b ON public.auth_permission USING btree (content_type_id);


--
-- TOC entry 5078 (class 1259 OID 54373)
-- Name: auth_user_groups_group_id_97559544; Type: INDEX; Schema: public; Owner: postgres
--

CREATE INDEX auth_user_groups_group_id_97559544 ON public.auth_user_groups USING btree (group_id);


--
-- TOC entry 5081 (class 1259 OID 54374)
-- Name: auth_user_groups_user_id_6a12ed8b; Type: INDEX; Schema: public; Owner: postgres
--

CREATE INDEX auth_user_groups_user_id_6a12ed8b ON public.auth_user_groups USING btree (user_id);


--
-- TOC entry 5084 (class 1259 OID 54375)
-- Name: auth_user_user_permissions_permission_id_1fbb5f2c; Type: INDEX; Schema: public; Owner: postgres
--

CREATE INDEX auth_user_user_permissions_permission_id_1fbb5f2c ON public.auth_user_user_permissions USING btree (permission_id);


--
-- TOC entry 5087 (class 1259 OID 54376)
-- Name: auth_user_user_permissions_user_id_a95ead1b; Type: INDEX; Schema: public; Owner: postgres
--

CREATE INDEX auth_user_user_permissions_user_id_a95ead1b ON public.auth_user_user_permissions USING btree (user_id);


--
-- TOC entry 5075 (class 1259 OID 54377)
-- Name: auth_user_username_6821ab7c_like; Type: INDEX; Schema: public; Owner: postgres
--

CREATE INDEX auth_user_username_6821ab7c_like ON public.auth_user USING btree (username varchar_pattern_ops);


--
-- TOC entry 5090 (class 1259 OID 54378)
-- Name: company_company_name_cac0b7f4_like; Type: INDEX; Schema: public; Owner: postgres
--

CREATE INDEX company_company_name_cac0b7f4_like ON public.company_company USING btree (name varchar_pattern_ops);


--
-- TOC entry 5097 (class 1259 OID 54379)
-- Name: company_newentry_company_id_690da426; Type: INDEX; Schema: public; Owner: postgres
--

CREATE INDEX company_newentry_company_id_690da426 ON public.company_newentry USING btree (company_id);


--
-- TOC entry 5100 (class 1259 OID 54380)
-- Name: company_payment_company_id_90e91005; Type: INDEX; Schema: public; Owner: postgres
--

CREATE INDEX company_payment_company_id_90e91005 ON public.company_payment USING btree (company_id);


--
-- TOC entry 5101 (class 1259 OID 54381)
-- Name: company_payment_order_id_9a322fad_like; Type: INDEX; Schema: public; Owner: postgres
--

CREATE INDEX company_payment_order_id_9a322fad_like ON public.company_payment USING btree (order_id varchar_pattern_ops);


--
-- TOC entry 5104 (class 1259 OID 54382)
-- Name: company_payment_payment_id_be311f49_like; Type: INDEX; Schema: public; Owner: postgres
--

CREATE INDEX company_payment_payment_id_be311f49_like ON public.company_payment USING btree (payment_id varchar_pattern_ops);


--
-- TOC entry 5109 (class 1259 OID 54383)
-- Name: company_staff_company_id_c39f05b7; Type: INDEX; Schema: public; Owner: postgres
--

CREATE INDEX company_staff_company_id_c39f05b7 ON public.company_staff USING btree (company_id);


--
-- TOC entry 5110 (class 1259 OID 54384)
-- Name: company_staff_email_63e65c02_like; Type: INDEX; Schema: public; Owner: postgres
--

CREATE INDEX company_staff_email_63e65c02_like ON public.company_staff USING btree (email varchar_pattern_ops);


--
-- TOC entry 5115 (class 1259 OID 54385)
-- Name: company_transaction_company_id_0c6977e5; Type: INDEX; Schema: public; Owner: postgres
--

CREATE INDEX company_transaction_company_id_0c6977e5 ON public.company_transaction USING btree (company_id);


--
-- TOC entry 5118 (class 1259 OID 54386)
-- Name: company_transaction_ref_id_0d3cfdd7_like; Type: INDEX; Schema: public; Owner: postgres
--

CREATE INDEX company_transaction_ref_id_0d3cfdd7_like ON public.company_transaction USING btree (ref_id varchar_pattern_ops);


--
-- TOC entry 5121 (class 1259 OID 54387)
-- Name: company_ven_company_eaa361_idx; Type: INDEX; Schema: public; Owner: postgres
--

CREATE INDEX company_ven_company_eaa361_idx ON public.company_vendor USING btree (company_id);


--
-- TOC entry 5122 (class 1259 OID 54388)
-- Name: company_ven_gst_num_4743d9_idx; Type: INDEX; Schema: public; Owner: postgres
--

CREATE INDEX company_ven_gst_num_4743d9_idx ON public.company_vendor USING btree (gst_number);


--
-- TOC entry 5123 (class 1259 OID 54389)
-- Name: company_vendor_company_id_c9072753; Type: INDEX; Schema: public; Owner: postgres
--

CREATE INDEX company_vendor_company_id_c9072753 ON public.company_vendor USING btree (company_id);


--
-- TOC entry 5126 (class 1259 OID 54390)
-- Name: company_vendor_company_name_84ea1278; Type: INDEX; Schema: public; Owner: postgres
--

CREATE INDEX company_vendor_company_name_84ea1278 ON public.company_vendor USING btree (company_name);


--
-- TOC entry 5127 (class 1259 OID 54391)
-- Name: company_vendor_company_name_84ea1278_like; Type: INDEX; Schema: public; Owner: postgres
--

CREATE INDEX company_vendor_company_name_84ea1278_like ON public.company_vendor USING btree (company_name varchar_pattern_ops);


--
-- TOC entry 5128 (class 1259 OID 54392)
-- Name: company_vendor_gst_number_b9f0f55e; Type: INDEX; Schema: public; Owner: postgres
--

CREATE INDEX company_vendor_gst_number_b9f0f55e ON public.company_vendor USING btree (gst_number);


--
-- TOC entry 5129 (class 1259 OID 54393)
-- Name: company_vendor_gst_number_b9f0f55e_like; Type: INDEX; Schema: public; Owner: postgres
--

CREATE INDEX company_vendor_gst_number_b9f0f55e_like ON public.company_vendor USING btree (gst_number varchar_pattern_ops);


--
-- TOC entry 5132 (class 1259 OID 54394)
-- Name: django_admin_log_content_type_id_c4bce8eb; Type: INDEX; Schema: public; Owner: postgres
--

CREATE INDEX django_admin_log_content_type_id_c4bce8eb ON public.django_admin_log USING btree (content_type_id);


--
-- TOC entry 5135 (class 1259 OID 54395)
-- Name: django_admin_log_user_id_c564eba6; Type: INDEX; Schema: public; Owner: postgres
--

CREATE INDEX django_admin_log_user_id_c564eba6 ON public.django_admin_log USING btree (user_id);


--
-- TOC entry 5142 (class 1259 OID 54396)
-- Name: django_session_expire_date_a5c62663; Type: INDEX; Schema: public; Owner: postgres
--

CREATE INDEX django_session_expire_date_a5c62663 ON public.django_session USING btree (expire_date);


--
-- TOC entry 5145 (class 1259 OID 54397)
-- Name: django_session_session_key_c0390e0f_like; Type: INDEX; Schema: public; Owner: postgres
--

CREATE INDEX django_session_session_key_c0390e0f_like ON public.django_session USING btree (session_key varchar_pattern_ops);


--
-- TOC entry 5146 (class 1259 OID 54398)
-- Name: inventory_address_customer_id_628caa76; Type: INDEX; Schema: public; Owner: postgres
--

CREATE INDEX inventory_address_customer_id_628caa76 ON public.inventory_address USING btree (customer_id);


--
-- TOC entry 5149 (class 1259 OID 54399)
-- Name: inventory_category_company_id_d08f32ff; Type: INDEX; Schema: public; Owner: postgres
--

CREATE INDEX inventory_category_company_id_d08f32ff ON public.inventory_category USING btree (company_id);


--
-- TOC entry 5152 (class 1259 OID 54400)
-- Name: inventory_contactperson_customer_id_20a3bc41; Type: INDEX; Schema: public; Owner: postgres
--

CREATE INDEX inventory_contactperson_customer_id_20a3bc41 ON public.inventory_contactperson USING btree (customer_id);


--
-- TOC entry 5155 (class 1259 OID 54401)
-- Name: inventory_customer_company_id_c82addb7; Type: INDEX; Schema: public; Owner: postgres
--

CREATE INDEX inventory_customer_company_id_c82addb7 ON public.inventory_customer USING btree (company_id);


--
-- TOC entry 5156 (class 1259 OID 54402)
-- Name: inventory_customer_email_e905fc93_like; Type: INDEX; Schema: public; Owner: postgres
--

CREATE INDEX inventory_customer_email_e905fc93_like ON public.inventory_customer USING btree (email varchar_pattern_ops);


--
-- TOC entry 5159 (class 1259 OID 54403)
-- Name: inventory_customer_gst_number_a8806981_like; Type: INDEX; Schema: public; Owner: postgres
--

CREATE INDEX inventory_customer_gst_number_a8806981_like ON public.inventory_customer USING btree (gst_number varchar_pattern_ops);


--
-- TOC entry 5162 (class 1259 OID 54404)
-- Name: inventory_customer_phone_e88b90b4_like; Type: INDEX; Schema: public; Owner: postgres
--

CREATE INDEX inventory_customer_phone_e88b90b4_like ON public.inventory_customer USING btree (phone varchar_pattern_ops);


--
-- TOC entry 5167 (class 1259 OID 54405)
-- Name: inventory_customer_website_b04f06ff_like; Type: INDEX; Schema: public; Owner: postgres
--

CREATE INDEX inventory_customer_website_b04f06ff_like ON public.inventory_customer USING btree (website varchar_pattern_ops);


--
-- TOC entry 5172 (class 1259 OID 54406)
-- Name: inventory_inventoryalert_batch_id_751e3b30; Type: INDEX; Schema: public; Owner: postgres
--

CREATE INDEX inventory_inventoryalert_batch_id_751e3b30 ON public.inventory_inventoryalert USING btree (batch_id);


--
-- TOC entry 5173 (class 1259 OID 54407)
-- Name: inventory_inventoryalert_company_id_738b9865; Type: INDEX; Schema: public; Owner: postgres
--

CREATE INDEX inventory_inventoryalert_company_id_738b9865 ON public.inventory_inventoryalert USING btree (company_id);


--
-- TOC entry 5176 (class 1259 OID 54408)
-- Name: inventory_inventoryalert_product_id_d620b54b; Type: INDEX; Schema: public; Owner: postgres
--

CREATE INDEX inventory_inventoryalert_product_id_d620b54b ON public.inventory_inventoryalert USING btree (product_id);


--
-- TOC entry 5177 (class 1259 OID 54409)
-- Name: inventory_product_category_id_c907876e; Type: INDEX; Schema: public; Owner: postgres
--

CREATE INDEX inventory_product_category_id_c907876e ON public.inventory_product USING btree (category_id);


--
-- TOC entry 5178 (class 1259 OID 54410)
-- Name: inventory_product_company_id_2757a1fd; Type: INDEX; Schema: public; Owner: postgres
--

CREATE INDEX inventory_product_company_id_2757a1fd ON public.inventory_product USING btree (company_id);


--
-- TOC entry 5183 (class 1259 OID 54411)
-- Name: inventory_product_sku_2aad2a63_like; Type: INDEX; Schema: public; Owner: postgres
--

CREATE INDEX inventory_product_sku_2aad2a63_like ON public.inventory_product USING btree (sku varchar_pattern_ops);


--
-- TOC entry 5186 (class 1259 OID 54412)
-- Name: inventory_productbatch_company_id_000edf3c; Type: INDEX; Schema: public; Owner: postgres
--

CREATE INDEX inventory_productbatch_company_id_000edf3c ON public.inventory_productbatch USING btree (company_id);


--
-- TOC entry 5191 (class 1259 OID 54413)
-- Name: inventory_productbatch_product_id_423aecf2; Type: INDEX; Schema: public; Owner: postgres
--

CREATE INDEX inventory_productbatch_product_id_423aecf2 ON public.inventory_productbatch USING btree (product_id);


--
-- TOC entry 5192 (class 1259 OID 54414)
-- Name: inventory_purchaseorder_company_id_528acd8b; Type: INDEX; Schema: public; Owner: postgres
--

CREATE INDEX inventory_purchaseorder_company_id_528acd8b ON public.inventory_purchaseorder USING btree (company_id);


--
-- TOC entry 5193 (class 1259 OID 54415)
-- Name: inventory_purchaseorder_order_number_d539b9a4_like; Type: INDEX; Schema: public; Owner: postgres
--

CREATE INDEX inventory_purchaseorder_order_number_d539b9a4_like ON public.inventory_purchaseorder USING btree (order_number varchar_pattern_ops);


--
-- TOC entry 5198 (class 1259 OID 54416)
-- Name: inventory_purchaseorder_vendor_id_222c0387; Type: INDEX; Schema: public; Owner: postgres
--

CREATE INDEX inventory_purchaseorder_vendor_id_222c0387 ON public.inventory_purchaseorder USING btree (vendor_id);


--
-- TOC entry 5201 (class 1259 OID 54417)
-- Name: inventory_purchaseorderitem_product_id_187e017a; Type: INDEX; Schema: public; Owner: postgres
--

CREATE INDEX inventory_purchaseorderitem_product_id_187e017a ON public.inventory_purchaseorderitem USING btree (product_id);


--
-- TOC entry 5202 (class 1259 OID 54418)
-- Name: inventory_purchaseorderitem_purchase_order_id_af9dd3c5; Type: INDEX; Schema: public; Owner: postgres
--

CREATE INDEX inventory_purchaseorderitem_purchase_order_id_af9dd3c5 ON public.inventory_purchaseorderitem USING btree (order_id);


--
-- TOC entry 5203 (class 1259 OID 54419)
-- Name: inventory_quote_customer_id_aa0843bc; Type: INDEX; Schema: public; Owner: postgres
--

CREATE INDEX inventory_quote_customer_id_aa0843bc ON public.inventory_quote USING btree (customer_id);


--
-- TOC entry 5206 (class 1259 OID 54420)
-- Name: inventory_quote_quote_number_3b074874_like; Type: INDEX; Schema: public; Owner: postgres
--

CREATE INDEX inventory_quote_quote_number_3b074874_like ON public.inventory_quote USING btree (quote_number varchar_pattern_ops);


--
-- TOC entry 5211 (class 1259 OID 54421)
-- Name: inventory_quoteitem_product_id_bd00893d; Type: INDEX; Schema: public; Owner: postgres
--

CREATE INDEX inventory_quoteitem_product_id_bd00893d ON public.inventory_quoteitem USING btree (product_id);


--
-- TOC entry 5212 (class 1259 OID 54422)
-- Name: inventory_quoteitem_quote_id_aaaacfa8; Type: INDEX; Schema: public; Owner: postgres
--

CREATE INDEX inventory_quoteitem_quote_id_aaaacfa8 ON public.inventory_quoteitem USING btree (quote_id);


--
-- TOC entry 5213 (class 1259 OID 54423)
-- Name: inventory_salesorder_company_id_6322cc7d; Type: INDEX; Schema: public; Owner: postgres
--

CREATE INDEX inventory_salesorder_company_id_6322cc7d ON public.inventory_salesorder USING btree (company_id);


--
-- TOC entry 5214 (class 1259 OID 54424)
-- Name: inventory_salesorder_order_number_38837266_like; Type: INDEX; Schema: public; Owner: postgres
--

CREATE INDEX inventory_salesorder_order_number_38837266_like ON public.inventory_salesorder USING btree (order_number varchar_pattern_ops);


--
-- TOC entry 5219 (class 1259 OID 54425)
-- Name: inventory_salesorderitem_order_id_1afcfaff; Type: INDEX; Schema: public; Owner: postgres
--

CREATE INDEX inventory_salesorderitem_order_id_1afcfaff ON public.inventory_salesorderitem USING btree (order_id);


--
-- TOC entry 5222 (class 1259 OID 54426)
-- Name: inventory_salesorderitem_product_id_fd7c368c; Type: INDEX; Schema: public; Owner: postgres
--

CREATE INDEX inventory_salesorderitem_product_id_fd7c368c ON public.inventory_salesorderitem USING btree (product_id);


--
-- TOC entry 5225 (class 1259 OID 54427)
-- Name: inventory_stockentry_company_id_14176d28; Type: INDEX; Schema: public; Owner: postgres
--

CREATE INDEX inventory_stockentry_company_id_14176d28 ON public.inventory_stockentry USING btree (company_id);


--
-- TOC entry 5228 (class 1259 OID 54428)
-- Name: inventory_stockentry_product_id_a4fcbe92; Type: INDEX; Schema: public; Owner: postgres
--

CREATE INDEX inventory_stockentry_product_id_a4fcbe92 ON public.inventory_stockentry USING btree (product_id);


--
-- TOC entry 5229 (class 1259 OID 54429)
-- Name: inventory_stocktransaction_batch_id_f0154012; Type: INDEX; Schema: public; Owner: postgres
--

CREATE INDEX inventory_stocktransaction_batch_id_f0154012 ON public.inventory_stocktransaction USING btree (batch_id);


--
-- TOC entry 5230 (class 1259 OID 54430)
-- Name: inventory_stocktransaction_company_id_366bd7a8; Type: INDEX; Schema: public; Owner: postgres
--

CREATE INDEX inventory_stocktransaction_company_id_366bd7a8 ON public.inventory_stocktransaction USING btree (company_id);


--
-- TOC entry 5231 (class 1259 OID 54431)
-- Name: inventory_stocktransaction_created_by_id_66dde070; Type: INDEX; Schema: public; Owner: postgres
--

CREATE INDEX inventory_stocktransaction_created_by_id_66dde070 ON public.inventory_stocktransaction USING btree (created_by_id);


--
-- TOC entry 5234 (class 1259 OID 54432)
-- Name: inventory_stocktransaction_product_id_6432f3fb; Type: INDEX; Schema: public; Owner: postgres
--

CREATE INDEX inventory_stocktransaction_product_id_6432f3fb ON public.inventory_stocktransaction USING btree (product_id);


--
-- TOC entry 5235 (class 1259 OID 54433)
-- Name: inventory_vendor_company_id_7fbaf93f; Type: INDEX; Schema: public; Owner: postgres
--

CREATE INDEX inventory_vendor_company_id_7fbaf93f ON public.inventory_vendor USING btree (company_id);


--
-- TOC entry 5236 (class 1259 OID 54434)
-- Name: inventory_vendor_gst_number_ff2866fc_like; Type: INDEX; Schema: public; Owner: postgres
--

CREATE INDEX inventory_vendor_gst_number_ff2866fc_like ON public.inventory_vendor USING btree (gst_number varchar_pattern_ops);


--
-- TOC entry 5241 (class 2606 OID 54435)
-- Name: accounts_emailverification accounts_emailverification_user_id_4f5b1661_fk_auth_user_id; Type: FK CONSTRAINT; Schema: public; Owner: postgres
--

ALTER TABLE ONLY public.accounts_emailverification
    ADD CONSTRAINT accounts_emailverification_user_id_4f5b1661_fk_auth_user_id FOREIGN KEY (user_id) REFERENCES public.auth_user(id) DEFERRABLE INITIALLY DEFERRED;


--
-- TOC entry 5242 (class 2606 OID 54440)
-- Name: accounts_userprofile accounts_userprofile_company_id_ee91cf5b_fk_company_company_id; Type: FK CONSTRAINT; Schema: public; Owner: postgres
--

ALTER TABLE ONLY public.accounts_userprofile
    ADD CONSTRAINT accounts_userprofile_company_id_ee91cf5b_fk_company_company_id FOREIGN KEY (company_id) REFERENCES public.company_company(id) DEFERRABLE INITIALLY DEFERRED;


--
-- TOC entry 5243 (class 2606 OID 54445)
-- Name: accounts_userprofile accounts_userprofile_user_id_92240672_fk_auth_user_id; Type: FK CONSTRAINT; Schema: public; Owner: postgres
--

ALTER TABLE ONLY public.accounts_userprofile
    ADD CONSTRAINT accounts_userprofile_user_id_92240672_fk_auth_user_id FOREIGN KEY (user_id) REFERENCES public.auth_user(id) DEFERRABLE INITIALLY DEFERRED;


--
-- TOC entry 5244 (class 2606 OID 54450)
-- Name: auth_group_permissions auth_group_permissio_permission_id_84c5c92e_fk_auth_perm; Type: FK CONSTRAINT; Schema: public; Owner: postgres
--

ALTER TABLE ONLY public.auth_group_permissions
    ADD CONSTRAINT auth_group_permissio_permission_id_84c5c92e_fk_auth_perm FOREIGN KEY (permission_id) REFERENCES public.auth_permission(id) DEFERRABLE INITIALLY DEFERRED;


--
-- TOC entry 5245 (class 2606 OID 54455)
-- Name: auth_group_permissions auth_group_permissions_group_id_b120cbf9_fk_auth_group_id; Type: FK CONSTRAINT; Schema: public; Owner: postgres
--

ALTER TABLE ONLY public.auth_group_permissions
    ADD CONSTRAINT auth_group_permissions_group_id_b120cbf9_fk_auth_group_id FOREIGN KEY (group_id) REFERENCES public.auth_group(id) DEFERRABLE INITIALLY DEFERRED;


--
-- TOC entry 5246 (class 2606 OID 54460)
-- Name: auth_permission auth_permission_content_type_id_2f476e4b_fk_django_co; Type: FK CONSTRAINT; Schema: public; Owner: postgres
--

ALTER TABLE ONLY public.auth_permission
    ADD CONSTRAINT auth_permission_content_type_id_2f476e4b_fk_django_co FOREIGN KEY (content_type_id) REFERENCES public.django_content_type(id) DEFERRABLE INITIALLY DEFERRED;


--
-- TOC entry 5247 (class 2606 OID 54465)
-- Name: auth_user_groups auth_user_groups_group_id_97559544_fk_auth_group_id; Type: FK CONSTRAINT; Schema: public; Owner: postgres
--

ALTER TABLE ONLY public.auth_user_groups
    ADD CONSTRAINT auth_user_groups_group_id_97559544_fk_auth_group_id FOREIGN KEY (group_id) REFERENCES public.auth_group(id) DEFERRABLE INITIALLY DEFERRED;


--
-- TOC entry 5248 (class 2606 OID 54470)
-- Name: auth_user_groups auth_user_groups_user_id_6a12ed8b_fk_auth_user_id; Type: FK CONSTRAINT; Schema: public; Owner: postgres
--

ALTER TABLE ONLY public.auth_user_groups
    ADD CONSTRAINT auth_user_groups_user_id_6a12ed8b_fk_auth_user_id FOREIGN KEY (user_id) REFERENCES public.auth_user(id) DEFERRABLE INITIALLY DEFERRED;


--
-- TOC entry 5249 (class 2606 OID 54475)
-- Name: auth_user_user_permissions auth_user_user_permi_permission_id_1fbb5f2c_fk_auth_perm; Type: FK CONSTRAINT; Schema: public; Owner: postgres
--

ALTER TABLE ONLY public.auth_user_user_permissions
    ADD CONSTRAINT auth_user_user_permi_permission_id_1fbb5f2c_fk_auth_perm FOREIGN KEY (permission_id) REFERENCES public.auth_permission(id) DEFERRABLE INITIALLY DEFERRED;


--
-- TOC entry 5250 (class 2606 OID 54480)
-- Name: auth_user_user_permissions auth_user_user_permissions_user_id_a95ead1b_fk_auth_user_id; Type: FK CONSTRAINT; Schema: public; Owner: postgres
--

ALTER TABLE ONLY public.auth_user_user_permissions
    ADD CONSTRAINT auth_user_user_permissions_user_id_a95ead1b_fk_auth_user_id FOREIGN KEY (user_id) REFERENCES public.auth_user(id) DEFERRABLE INITIALLY DEFERRED;


--
-- TOC entry 5251 (class 2606 OID 54485)
-- Name: company_company company_company_owner_id_2a616fac_fk_auth_user_id; Type: FK CONSTRAINT; Schema: public; Owner: postgres
--

ALTER TABLE ONLY public.company_company
    ADD CONSTRAINT company_company_owner_id_2a616fac_fk_auth_user_id FOREIGN KEY (owner_id) REFERENCES public.auth_user(id) DEFERRABLE INITIALLY DEFERRED;


--
-- TOC entry 5252 (class 2606 OID 54490)
-- Name: company_newentry company_newentry_company_id_690da426_fk_company_company_id; Type: FK CONSTRAINT; Schema: public; Owner: postgres
--

ALTER TABLE ONLY public.company_newentry
    ADD CONSTRAINT company_newentry_company_id_690da426_fk_company_company_id FOREIGN KEY (company_id) REFERENCES public.company_company(id) DEFERRABLE INITIALLY DEFERRED;


--
-- TOC entry 5253 (class 2606 OID 54495)
-- Name: company_payment company_payment_company_id_90e91005_fk_company_company_id; Type: FK CONSTRAINT; Schema: public; Owner: postgres
--

ALTER TABLE ONLY public.company_payment
    ADD CONSTRAINT company_payment_company_id_90e91005_fk_company_company_id FOREIGN KEY (company_id) REFERENCES public.company_company(id) DEFERRABLE INITIALLY DEFERRED;


--
-- TOC entry 5254 (class 2606 OID 54500)
-- Name: company_staff company_staff_company_id_c39f05b7_fk_company_company_id; Type: FK CONSTRAINT; Schema: public; Owner: postgres
--

ALTER TABLE ONLY public.company_staff
    ADD CONSTRAINT company_staff_company_id_c39f05b7_fk_company_company_id FOREIGN KEY (company_id) REFERENCES public.company_company(id) DEFERRABLE INITIALLY DEFERRED;


--
-- TOC entry 5255 (class 2606 OID 54505)
-- Name: company_transaction company_transaction_company_id_0c6977e5_fk_company_company_id; Type: FK CONSTRAINT; Schema: public; Owner: postgres
--

ALTER TABLE ONLY public.company_transaction
    ADD CONSTRAINT company_transaction_company_id_0c6977e5_fk_company_company_id FOREIGN KEY (company_id) REFERENCES public.company_company(id) DEFERRABLE INITIALLY DEFERRED;


--
-- TOC entry 5256 (class 2606 OID 54510)
-- Name: company_vendor company_vendor_company_id_c9072753_fk_company_company_id; Type: FK CONSTRAINT; Schema: public; Owner: postgres
--

ALTER TABLE ONLY public.company_vendor
    ADD CONSTRAINT company_vendor_company_id_c9072753_fk_company_company_id FOREIGN KEY (company_id) REFERENCES public.company_company(id) DEFERRABLE INITIALLY DEFERRED;


--
-- TOC entry 5257 (class 2606 OID 54515)
-- Name: django_admin_log django_admin_log_content_type_id_c4bce8eb_fk_django_co; Type: FK CONSTRAINT; Schema: public; Owner: postgres
--

ALTER TABLE ONLY public.django_admin_log
    ADD CONSTRAINT django_admin_log_content_type_id_c4bce8eb_fk_django_co FOREIGN KEY (content_type_id) REFERENCES public.django_content_type(id) DEFERRABLE INITIALLY DEFERRED;


--
-- TOC entry 5258 (class 2606 OID 54520)
-- Name: django_admin_log django_admin_log_user_id_c564eba6_fk_auth_user_id; Type: FK CONSTRAINT; Schema: public; Owner: postgres
--

ALTER TABLE ONLY public.django_admin_log
    ADD CONSTRAINT django_admin_log_user_id_c564eba6_fk_auth_user_id FOREIGN KEY (user_id) REFERENCES public.auth_user(id) DEFERRABLE INITIALLY DEFERRED;


--
-- TOC entry 5259 (class 2606 OID 54525)
-- Name: inventory_address inventory_address_customer_id_628caa76_fk_inventory_customer_id; Type: FK CONSTRAINT; Schema: public; Owner: postgres
--

ALTER TABLE ONLY public.inventory_address
    ADD CONSTRAINT inventory_address_customer_id_628caa76_fk_inventory_customer_id FOREIGN KEY (customer_id) REFERENCES public.inventory_customer(id) DEFERRABLE INITIALLY DEFERRED;


--
-- TOC entry 5260 (class 2606 OID 54530)
-- Name: inventory_category inventory_category_company_id_d08f32ff_fk_company_company_id; Type: FK CONSTRAINT; Schema: public; Owner: postgres
--

ALTER TABLE ONLY public.inventory_category
    ADD CONSTRAINT inventory_category_company_id_d08f32ff_fk_company_company_id FOREIGN KEY (company_id) REFERENCES public.company_company(id) DEFERRABLE INITIALLY DEFERRED;


--
-- TOC entry 5261 (class 2606 OID 54535)
-- Name: inventory_contactperson inventory_contactper_customer_id_20a3bc41_fk_inventory; Type: FK CONSTRAINT; Schema: public; Owner: postgres
--

ALTER TABLE ONLY public.inventory_contactperson
    ADD CONSTRAINT inventory_contactper_customer_id_20a3bc41_fk_inventory FOREIGN KEY (customer_id) REFERENCES public.inventory_customer(id) DEFERRABLE INITIALLY DEFERRED;


--
-- TOC entry 5262 (class 2606 OID 54540)
-- Name: inventory_customer inventory_customer_company_id_c82addb7_fk_company_company_id; Type: FK CONSTRAINT; Schema: public; Owner: postgres
--

ALTER TABLE ONLY public.inventory_customer
    ADD CONSTRAINT inventory_customer_company_id_c82addb7_fk_company_company_id FOREIGN KEY (company_id) REFERENCES public.company_company(id) DEFERRABLE INITIALLY DEFERRED;


--
-- TOC entry 5263 (class 2606 OID 54545)
-- Name: inventory_inventoryalert inventory_inventorya_batch_id_751e3b30_fk_inventory; Type: FK CONSTRAINT; Schema: public; Owner: postgres
--

ALTER TABLE ONLY public.inventory_inventoryalert
    ADD CONSTRAINT inventory_inventorya_batch_id_751e3b30_fk_inventory FOREIGN KEY (batch_id) REFERENCES public.inventory_productbatch(id) DEFERRABLE INITIALLY DEFERRED;


--
-- TOC entry 5264 (class 2606 OID 54550)
-- Name: inventory_inventoryalert inventory_inventorya_company_id_738b9865_fk_company_c; Type: FK CONSTRAINT; Schema: public; Owner: postgres
--

ALTER TABLE ONLY public.inventory_inventoryalert
    ADD CONSTRAINT inventory_inventorya_company_id_738b9865_fk_company_c FOREIGN KEY (company_id) REFERENCES public.company_company(id) DEFERRABLE INITIALLY DEFERRED;


--
-- TOC entry 5265 (class 2606 OID 54555)
-- Name: inventory_inventoryalert inventory_inventorya_product_id_d620b54b_fk_inventory; Type: FK CONSTRAINT; Schema: public; Owner: postgres
--

ALTER TABLE ONLY public.inventory_inventoryalert
    ADD CONSTRAINT inventory_inventorya_product_id_d620b54b_fk_inventory FOREIGN KEY (product_id) REFERENCES public.inventory_product(id) DEFERRABLE INITIALLY DEFERRED;


--
-- TOC entry 5266 (class 2606 OID 54560)
-- Name: inventory_product inventory_product_category_id_c907876e_fk_inventory_category_id; Type: FK CONSTRAINT; Schema: public; Owner: postgres
--

ALTER TABLE ONLY public.inventory_product
    ADD CONSTRAINT inventory_product_category_id_c907876e_fk_inventory_category_id FOREIGN KEY (category_id) REFERENCES public.inventory_category(id) DEFERRABLE INITIALLY DEFERRED;


--
-- TOC entry 5267 (class 2606 OID 54565)
-- Name: inventory_product inventory_product_company_id_2757a1fd_fk_company_company_id; Type: FK CONSTRAINT; Schema: public; Owner: postgres
--

ALTER TABLE ONLY public.inventory_product
    ADD CONSTRAINT inventory_product_company_id_2757a1fd_fk_company_company_id FOREIGN KEY (company_id) REFERENCES public.company_company(id) DEFERRABLE INITIALLY DEFERRED;


--
-- TOC entry 5268 (class 2606 OID 54570)
-- Name: inventory_productbatch inventory_productbat_company_id_000edf3c_fk_company_c; Type: FK CONSTRAINT; Schema: public; Owner: postgres
--

ALTER TABLE ONLY public.inventory_productbatch
    ADD CONSTRAINT inventory_productbat_company_id_000edf3c_fk_company_c FOREIGN KEY (company_id) REFERENCES public.company_company(id) DEFERRABLE INITIALLY DEFERRED;


--
-- TOC entry 5269 (class 2606 OID 54575)
-- Name: inventory_productbatch inventory_productbat_product_id_423aecf2_fk_inventory; Type: FK CONSTRAINT; Schema: public; Owner: postgres
--

ALTER TABLE ONLY public.inventory_productbatch
    ADD CONSTRAINT inventory_productbat_product_id_423aecf2_fk_inventory FOREIGN KEY (product_id) REFERENCES public.inventory_product(id) DEFERRABLE INITIALLY DEFERRED;


--
-- TOC entry 5270 (class 2606 OID 54580)
-- Name: inventory_purchaseorder inventory_purchaseor_company_id_528acd8b_fk_company_c; Type: FK CONSTRAINT; Schema: public; Owner: postgres
--

ALTER TABLE ONLY public.inventory_purchaseorder
    ADD CONSTRAINT inventory_purchaseor_company_id_528acd8b_fk_company_c FOREIGN KEY (company_id) REFERENCES public.company_company(id) DEFERRABLE INITIALLY DEFERRED;


--
-- TOC entry 5272 (class 2606 OID 54585)
-- Name: inventory_purchaseorderitem inventory_purchaseor_order_id_992adb14_fk_inventory; Type: FK CONSTRAINT; Schema: public; Owner: postgres
--

ALTER TABLE ONLY public.inventory_purchaseorderitem
    ADD CONSTRAINT inventory_purchaseor_order_id_992adb14_fk_inventory FOREIGN KEY (order_id) REFERENCES public.inventory_purchaseorder(id) DEFERRABLE INITIALLY DEFERRED;


--
-- TOC entry 5273 (class 2606 OID 54590)
-- Name: inventory_purchaseorderitem inventory_purchaseor_product_id_187e017a_fk_inventory; Type: FK CONSTRAINT; Schema: public; Owner: postgres
--

ALTER TABLE ONLY public.inventory_purchaseorderitem
    ADD CONSTRAINT inventory_purchaseor_product_id_187e017a_fk_inventory FOREIGN KEY (product_id) REFERENCES public.inventory_product(id) DEFERRABLE INITIALLY DEFERRED;


--
-- TOC entry 5271 (class 2606 OID 54595)
-- Name: inventory_purchaseorder inventory_purchaseor_vendor_id_222c0387_fk_inventory; Type: FK CONSTRAINT; Schema: public; Owner: postgres
--

ALTER TABLE ONLY public.inventory_purchaseorder
    ADD CONSTRAINT inventory_purchaseor_vendor_id_222c0387_fk_inventory FOREIGN KEY (vendor_id) REFERENCES public.inventory_vendor(id) DEFERRABLE INITIALLY DEFERRED;


--
-- TOC entry 5274 (class 2606 OID 54600)
-- Name: inventory_quote inventory_quote_customer_id_aa0843bc_fk_inventory_customer_id; Type: FK CONSTRAINT; Schema: public; Owner: postgres
--

ALTER TABLE ONLY public.inventory_quote
    ADD CONSTRAINT inventory_quote_customer_id_aa0843bc_fk_inventory_customer_id FOREIGN KEY (customer_id) REFERENCES public.inventory_customer(id) DEFERRABLE INITIALLY DEFERRED;


--
-- TOC entry 5275 (class 2606 OID 54605)
-- Name: inventory_quoteitem inventory_quoteitem_product_id_bd00893d_fk_inventory_product_id; Type: FK CONSTRAINT; Schema: public; Owner: postgres
--

ALTER TABLE ONLY public.inventory_quoteitem
    ADD CONSTRAINT inventory_quoteitem_product_id_bd00893d_fk_inventory_product_id FOREIGN KEY (product_id) REFERENCES public.inventory_product(id) DEFERRABLE INITIALLY DEFERRED;


--
-- TOC entry 5276 (class 2606 OID 54610)
-- Name: inventory_quoteitem inventory_quoteitem_quote_id_aaaacfa8_fk_inventory_quote_id; Type: FK CONSTRAINT; Schema: public; Owner: postgres
--

ALTER TABLE ONLY public.inventory_quoteitem
    ADD CONSTRAINT inventory_quoteitem_quote_id_aaaacfa8_fk_inventory_quote_id FOREIGN KEY (quote_id) REFERENCES public.inventory_quote(id) DEFERRABLE INITIALLY DEFERRED;


--
-- TOC entry 5277 (class 2606 OID 54615)
-- Name: inventory_salesorder inventory_salesorder_company_id_6322cc7d_fk_company_company_id; Type: FK CONSTRAINT; Schema: public; Owner: postgres
--

ALTER TABLE ONLY public.inventory_salesorder
    ADD CONSTRAINT inventory_salesorder_company_id_6322cc7d_fk_company_company_id FOREIGN KEY (company_id) REFERENCES public.company_company(id) DEFERRABLE INITIALLY DEFERRED;


--
-- TOC entry 5278 (class 2606 OID 54620)
-- Name: inventory_salesorderitem inventory_salesorder_order_id_1afcfaff_fk_inventory; Type: FK CONSTRAINT; Schema: public; Owner: postgres
--

ALTER TABLE ONLY public.inventory_salesorderitem
    ADD CONSTRAINT inventory_salesorder_order_id_1afcfaff_fk_inventory FOREIGN KEY (order_id) REFERENCES public.inventory_salesorder(id) DEFERRABLE INITIALLY DEFERRED;


--
-- TOC entry 5279 (class 2606 OID 54625)
-- Name: inventory_salesorderitem inventory_salesorder_product_id_fd7c368c_fk_inventory; Type: FK CONSTRAINT; Schema: public; Owner: postgres
--

ALTER TABLE ONLY public.inventory_salesorderitem
    ADD CONSTRAINT inventory_salesorder_product_id_fd7c368c_fk_inventory FOREIGN KEY (product_id) REFERENCES public.inventory_product(id) DEFERRABLE INITIALLY DEFERRED;


--
-- TOC entry 5280 (class 2606 OID 54630)
-- Name: inventory_stockentry inventory_stockentry_company_id_14176d28_fk_company_company_id; Type: FK CONSTRAINT; Schema: public; Owner: postgres
--

ALTER TABLE ONLY public.inventory_stockentry
    ADD CONSTRAINT inventory_stockentry_company_id_14176d28_fk_company_company_id FOREIGN KEY (company_id) REFERENCES public.company_company(id) DEFERRABLE INITIALLY DEFERRED;


--
-- TOC entry 5281 (class 2606 OID 54635)
-- Name: inventory_stockentry inventory_stockentry_product_id_a4fcbe92_fk_inventory; Type: FK CONSTRAINT; Schema: public; Owner: postgres
--

ALTER TABLE ONLY public.inventory_stockentry
    ADD CONSTRAINT inventory_stockentry_product_id_a4fcbe92_fk_inventory FOREIGN KEY (product_id) REFERENCES public.inventory_product(id) DEFERRABLE INITIALLY DEFERRED;


--
-- TOC entry 5282 (class 2606 OID 54640)
-- Name: inventory_stocktransaction inventory_stocktrans_batch_id_f0154012_fk_inventory; Type: FK CONSTRAINT; Schema: public; Owner: postgres
--

ALTER TABLE ONLY public.inventory_stocktransaction
    ADD CONSTRAINT inventory_stocktrans_batch_id_f0154012_fk_inventory FOREIGN KEY (batch_id) REFERENCES public.inventory_productbatch(id) DEFERRABLE INITIALLY DEFERRED;


--
-- TOC entry 5283 (class 2606 OID 54645)
-- Name: inventory_stocktransaction inventory_stocktrans_company_id_366bd7a8_fk_company_c; Type: FK CONSTRAINT; Schema: public; Owner: postgres
--

ALTER TABLE ONLY public.inventory_stocktransaction
    ADD CONSTRAINT inventory_stocktrans_company_id_366bd7a8_fk_company_c FOREIGN KEY (company_id) REFERENCES public.company_company(id) DEFERRABLE INITIALLY DEFERRED;


--
-- TOC entry 5284 (class 2606 OID 54650)
-- Name: inventory_stocktransaction inventory_stocktrans_created_by_id_66dde070_fk_auth_user; Type: FK CONSTRAINT; Schema: public; Owner: postgres
--

ALTER TABLE ONLY public.inventory_stocktransaction
    ADD CONSTRAINT inventory_stocktrans_created_by_id_66dde070_fk_auth_user FOREIGN KEY (created_by_id) REFERENCES public.auth_user(id) DEFERRABLE INITIALLY DEFERRED;


--
-- TOC entry 5285 (class 2606 OID 54655)
-- Name: inventory_stocktransaction inventory_stocktrans_product_id_6432f3fb_fk_inventory; Type: FK CONSTRAINT; Schema: public; Owner: postgres
--

ALTER TABLE ONLY public.inventory_stocktransaction
    ADD CONSTRAINT inventory_stocktrans_product_id_6432f3fb_fk_inventory FOREIGN KEY (product_id) REFERENCES public.inventory_product(id) DEFERRABLE INITIALLY DEFERRED;


--
-- TOC entry 5286 (class 2606 OID 54660)
-- Name: inventory_vendor inventory_vendor_company_id_7fbaf93f_fk_company_company_id; Type: FK CONSTRAINT; Schema: public; Owner: postgres
--

ALTER TABLE ONLY public.inventory_vendor
    ADD CONSTRAINT inventory_vendor_company_id_7fbaf93f_fk_company_company_id FOREIGN KEY (company_id) REFERENCES public.company_company(id) DEFERRABLE INITIALLY DEFERRED;


-- Completed on 2026-05-14 11:15:41

--
-- PostgreSQL database dump complete
--

\unrestrict XV7iT2lum2DZkhZUlaSf91vIxXY2nptUpEcBdceluJTLedRM9WYmq8qgG4W39bw

